#
# A fatal error has been detected by the Java Runtime Environment:
#
#  SIGSEGV (0xb) at pc=0x00007d3da9877acc, pid=15986, tid=16113
#
# JRE version: OpenJDK Runtime Environment (21.0.10) (build 21.0.10+-14961533-b1163.108)
# Java VM: OpenJDK 64-Bit Server VM (21.0.10+-14961533-b1163.108, mixed mode, tiered, compressed oops, compressed class ptrs, g1 gc, linux-amd64)
# Problematic frame:
# V  [libjvm.so+0x877acc]  Compile::identify_useful_nodes(Unique_Node_List&)+0x18c
#
# Core dump will be written. Default location: Core dumps may be processed with "/usr/share/apport/apport -p%p -s%s -c%c -d%d -P%P -u%u -g%g -F%F -- %E" (or dumping to /home/cooper/AndroidStudioProjects/KariaInventoryApp/core.15986)
#
# If you would like to submit a bug report, please visit:
#   https://youtrack.jetbrains.com/issues/JBR
#

---------------  S U M M A R Y ------------

Command Line: --add-opens=java.base/java.lang=ALL-UNNAMED --add-opens=java.base/java.lang.invoke=ALL-UNNAMED --add-opens=java.base/java.util=ALL-UNNAMED --add-opens=java.prefs/java.util.prefs=ALL-UNNAMED --add-exports=jdk.compiler/com.sun.tools.javac.api=ALL-UNNAMED --add-exports=jdk.compiler/com.sun.tools.javac.util=ALL-UNNAMED --add-opens=java.base/java.util=ALL-UNNAMED --add-opens=java.prefs/java.util.prefs=ALL-UNNAMED --add-opens=java.base/java.nio.charset=ALL-UNNAMED --add-opens=java.base/java.net=ALL-UNNAMED --add-opens=java.base/java.util.concurrent=ALL-UNNAMED --add-opens=java.base/java.util.concurrent.atomic=ALL-UNNAMED --add-opens=java.xml/javax.xml.namespace=ALL-UNNAMED --add-opens=java.base/java.time=ALL-UNNAMED -Xmx2048m -Dfile.encoding=UTF-8 -Duser.country=US -Duser.language=en -Duser.variant -javaagent:/home/cooper/.gradle/wrapper/dists/gradle-9.3.1-bin/23ovyewtku6u96viwx3xl3oks/gradle-9.3.1/lib/agents/gradle-instrumentation-agent-9.3.1.jar -Dawt.toolkit.name=XToolkit org.gradle.launcher.daemon.bootstrap.GradleDaemon 9.3.1

Host: Intel(R) Core(TM) i5-4200M CPU @ 2.50GHz, 4 cores, 15G, Ubuntu 24.04.4 LTS
Time: Tue Jun  9 12:06:41 2026 EAT elapsed time: 43.282107 seconds (0d 0h 0m 43s)

---------------  T H R E A D  ---------------

Current thread (0x00007d3d4c6a6a90):  JavaThread "C2 CompilerThread1" daemon [_thread_in_native, id=16113, stack(0x00007d3d40b00000,0x00007d3d40c00000) (1024K)]


Current CompileTask:
C2:43282 10711   !   4       java.net.URLClassLoader$1::run (81 bytes)

Stack: [0x00007d3d40b00000,0x00007d3d40c00000],  sp=0x00007d3d40bfc520,  free space=1009k
Native frames: (J=compiled Java code, j=interpreted, Vv=VM code, C=native code)
V  [libjvm.so+0x877acc]  Compile::identify_useful_nodes(Unique_Node_List&)+0x18c
V  [libjvm.so+0xdddaf9]  Matcher::specialize_generic_vector_operands()+0xb9
V  [libjvm.so+0xdd3632]  Matcher::match()+0xbe2
V  [libjvm.so+0x87be16]  Compile::Code_Gen()+0x96
V  [libjvm.so+0x87a133]  Compile::Compile(ciEnv*, ciMethod*, int, Options, DirectiveSet*)+0x12d3
V  [libjvm.so+0x7d1b7b]  C2Compiler::compile_method(ciEnv*, ciMethod*, int, bool, DirectiveSet*)+0x11b
V  [libjvm.so+0x88c2b2]  CompileBroker::invoke_compiler_on_method(CompileTask*)+0xe82
V  [libjvm.so+0x88b149]  CompileBroker::compiler_thread_loop()+0x4f9
V  [libjvm.so+0xac2fd0]  JavaThread::thread_main_inner()+0x90
V  [libjvm.so+0x101a33e]  Thread::call_run()+0xae
V  [libjvm.so+0xe66c54]  thread_native_entry(Thread*)+0x114
C  [libc.so.6+0x9caa4]

siginfo: si_signo: 11 (SIGSEGV), si_code: 1 (SEGV_MAPERR), si_addr: 0x0000793d30bc82e0

Registers:
RAX=0x0000793d30bc82e0, RBX=0x0000000000000000, RCX=0x00007d3d48273770, RDX=0x00000000000009e9
RSP=0x00007d3d40bfc520, RBP=0x00007d3d40bfc570, RSI=0x00007d3d40bfc5a0, RDI=0x00007d3d40bfc5c0
R8 =0x00007d3d30bc8288, R9 =0x00007d3d1a30e9c0, R10=0x0000000000000001, R11=0x0000000000000206
R12=0x0000000000000010, R13=0x0000000000000fbf, R14=0x0000000000000000, R15=0x0000000000000b03
RIP=0x00007d3da9877acc, EFLAGS=0x0000000000010246, CSGSFS=0x002b000000000033, ERR=0x0000000000000004
  TRAPNO=0x000000000000000e

XMM[0]=0x0000000000000000 0x0000000000000000
XMM[1]=0x0000000000000000 0x0000000000000000
XMM[2]=0x0000000000000000 0x0000000000000000
XMM[3]=0x0000000000000000 0x0000000000000000
XMM[4]=0x00007d3d1a382ad0 0x00007d3d1a382338
XMM[5]=0x00007d3d30cda440 0x00007d3d30cd9ea0
XMM[6]=0x00007d3d30cd80e8 0x00007d3d1a388998
XMM[7]=0x00007d3d1a387290 0x00007d3d1a386cf0
XMM[8]=0x00007d3d1a3859a8 0x00007d3d1a383f40
XMM[9]=0xffff000000000000 0x0000ffffffffffff
XMM[10]=0x2fffffff2fffffff 0x4700000147000000
XMM[11]=0x2fffffff2fffffff 0x2fffffff2fffffff
XMM[12]=0x0000000000000000 0x4700000147000000
XMM[13]=0x0000000000000000 0x0000000000000000
XMM[14]=0x0000000000000000 0x0000000000000000
XMM[15]=0x0000000000000000 0x0000000000000000
  MXCSR=0x00001fa3


Register to memory mapping:

RAX=0x0000793d30bc82e0 is an unknown value
RBX=0x0 is null
RCX=0x00007d3d48273770 points into unknown readable memory: 0x00007d3d5073ae68 | 68 ae 73 50 3d 7d 00 00
RDX=0x00000000000009e9 is an unknown value
RSP=0x00007d3d40bfc520 is pointing into the stack for thread: 0x00007d3d4c6a6a90
RBP=0x00007d3d40bfc570 is pointing into the stack for thread: 0x00007d3d4c6a6a90
RSI=0x00007d3d40bfc5a0 is pointing into the stack for thread: 0x00007d3d4c6a6a90
RDI=0x00007d3d40bfc5c0 is pointing into the stack for thread: 0x00007d3d4c6a6a90
R8 =0x00007d3d30bc8288 points into unknown readable memory: 0x00007d3daa178150 | 50 81 17 aa 3d 7d 00 00
R9 =0x00007d3d1a30e9c0 points into unknown readable memory: 0x74656e2e6176616a | 6a 61 76 61 2e 6e 65 74
R10=0x0000000000000001 is an unknown value
R11=0x0000000000000206 is an unknown value
R12=0x0000000000000010 is an unknown value
R13=0x0000000000000fbf is an unknown value
R14=0x0 is null
R15=0x0000000000000b03 is an unknown value

Top of Stack: (sp=0x00007d3d40bfc520)
0x00007d3d40bfc520:   00007d3d5073ae68 00000000000009e9
0x00007d3d40bfc530:   00007d3d30bc8288 00007d3d40bfc5c0
0x00007d3d40bfc540:   00007d3d40bfc5a0 00007d3d4c8a73a0
0x00007d3d40bfc550:   00007d3d5073ae68 00007d3d302ce5e8
0x00007d3d40bfc560:   00007d3d40bfc630 00007d3d40bfc708
0x00007d3d40bfc570:   00007d3d40bfc610 00007d3da9dddaf9
0x00007d3d40bfc580:   00007d3d4c7c7430 00007d3d4c7c78c0
0x00007d3d40bfc590:   00007d3d4c7cf418 00000000000f0100
0x00007d3d40bfc5a0:   00007d3d4c8a73a0 00007d3d00002000
0x00007d3d40bfc5b0:   00007d3d48273770 0000000700000b04
0x00007d3d40bfc5c0:   00007d3d00000100 00007d3d1a30e5c0
0x00007d3d40bfc5d0:   0000000000000100 00007d3d4c8a73a0
0x00007d3d40bfc5e0:   00007d3d00000000 00007d3d40bfc708
0x00007d3d40bfc5f0:   00007d3d5073ae68 00007d3d302ce5e8
0x00007d3d40bfc600:   00007d3d40bfc630 00007d3d40bfde88
0x00007d3d40bfc610:   00007d3d40bfc6f0 00007d3da9dd3632
0x00007d3d40bfc620:   00007d3d40bfc640 0000000055db518f
0x00007d3d40bfc630:   0000000000100000 0000000000000000
0x00007d3d40bfc640:   0000000000000000 0000000000000000
0x00007d3d40bfc650:   0000000000000000 00007d3da92db6ee
0x00007d3d40bfc660:   0000000000000000 0000000000000000
0x00007d3d40bfc670:   0000000000000000 00007d3da92db6ee
0x00007d3d40bfc680:   0000000000000000 0000000000000000
0x00007d3d40bfc690:   00000000000027d8 0000000000000007
0x00007d3d40bfc6a0:   00007d3d40bfc6d0 00007d3da96b28e5
0x00007d3d40bfc6b0:   00007d3d40bfde88 00007d3d302ce5e8
0x00007d3d40bfc6c0:   00007d3d40bfc708 00007d3d40bfdbd8
0x00007d3d40bfc6d0:   00007d3d4ccb8b70 00007d3daa1e89bc
0x00007d3d40bfc6e0:   00007d3d40bfc708 00007d3da92ad13b
0x00007d3d40bfc6f0:   00007d3d40bfd050 00007d3da987be16
0x00007d3d40bfc700:   0000000000000000 00007d3daa1a3db0
0x00007d3d40bfc710:   0000000000000006 00007d3d40bfdbd8 

Instructions: (pc=0x00007d3da9877acc)
0x00007d3da98779cc:   e1 72 28 44 8b 7e 18 41 8d 47 01 89 46 18 44 3b
0x00007d3da98779dc:   7e 08 72 0f 48 89 f7 44 89 fe e8 45 b4 5c 00 48
0x00007d3da98779ec:   8b 75 d0 48 8b 46 10 4a 89 1c f8 49 8b 9e e8 02
0x00007d3da98779fc:   00 00 48 85 db 74 61 44 8b 7b 28 45 89 fe 41 c1
0x00007d3da9877a0c:   ee 05 44 3b 76 20 72 10 48 8d 7e 20 44 89 f6 e8
0x00007d3da9877a1c:   60 2a 7f 00 48 8b 75 d0 48 8b 46 28 42 8b 0c b0
0x00007d3da9877a2c:   89 ca 44 0f ab fa 42 89 14 b0 44 0f a3 f9 72 28
0x00007d3da9877a3c:   44 8b 76 18 41 8d 46 01 89 46 18 44 3b 76 08 72
0x00007d3da9877a4c:   0f 48 89 f7 44 89 f6 e8 d8 b3 5c 00 48 8b 75 d0
0x00007d3da9877a5c:   48 8b 46 10 4a 89 1c f0 8b 46 18 85 c0 0f 84 e7
0x00007d3da9877a6c:   00 00 00 48 8d 7e 20 31 d2 48 89 7d c8 eb 1a 0f
0x00007d3da9877a7c:   1f 44 00 00 8b 46 18 48 8b 55 b8 48 ff c2 89 c1
0x00007d3da9877a8c:   48 39 ca 0f 83 c1 00 00 00 48 8b 4e 10 4c 8b 04
0x00007d3da9877a9c:   d1 45 8b 60 1c 4d 85 e4 74 e1 48 89 55 b8 45 31
0x00007d3da9877aac:   f6 4c 89 45 c0 eb 15 48 8b 46 10 4a 89 1c f8 0f
0x00007d3da9877abc:   1f 44 00 00 49 ff c6 4d 39 f4 74 b8 49 8b 40 08
0x00007d3da9877acc:   4a 8b 1c f0 48 85 db 0f 94 c0 89 d9 08 c1 f6 c1
0x00007d3da9877adc:   01 75 e1 48 83 3b fe 74 db 44 8b 6b 28 45 89 ef
0x00007d3da9877aec:   41 c1 ef 05 44 3b 3f 72 18 48 8b 7d c8 44 89 fe
0x00007d3da9877afc:   e8 7f 29 7f 00 4c 8b 45 c0 48 8b 7d c8 48 8b 75
0x00007d3da9877b0c:   d0 48 8b 46 28 42 8b 0c b8 89 ca 44 0f ab ea 42
0x00007d3da9877b1c:   89 14 b8 44 0f a3 e9 72 9b 44 8b 7e 18 41 8d 47
0x00007d3da9877b2c:   01 89 46 18 44 3b 7e 08 0f 82 79 ff ff ff 48 89
0x00007d3da9877b3c:   f7 44 89 fe e8 eb b2 5c 00 4c 8b 45 c0 48 8b 7d
0x00007d3da9877b4c:   c8 48 8b 75 d0 e9 5d ff ff ff 48 83 c4 28 5b 41
0x00007d3da9877b5c:   5c 41 5d 41 5e 41 5f 5d c3 66 66 2e 0f 1f 84 00
0x00007d3da9877b6c:   00 00 00 00 55 48 89 e5 41 57 41 56 41 55 41 54
0x00007d3da9877b7c:   53 50 44 8b bf 50 02 00 00 45 85 ff 74 7e 49 89
0x00007d3da9877b8c:   f4 48 8d 9f 58 02 00 00 45 31 ed 48 89 7d d0 eb
0x00007d3da9877b9c:   26 0f 1f 00 48 8b 87 60 02 00 00 42 8b 0c b0 89
0x00007d3da9877bac:   ca 44 0f ab ea 42 89 14 b0 44 0f a3 e9 73 45 41
0x00007d3da9877bbc:   ff c5 45 39 ef 74 45 44 89 ee c1 ee 05 41 89 f6 


Stack slot to memory mapping:

stack at sp + 0 slots: 0x00007d3d5073ae68 points into unknown readable memory: 0x00007d3daa1893e8 | e8 93 18 aa 3d 7d 00 00
stack at sp + 1 slots: 0x00000000000009e9 is an unknown value
stack at sp + 2 slots: 0x00007d3d30bc8288 points into unknown readable memory: 0x00007d3daa178150 | 50 81 17 aa 3d 7d 00 00
stack at sp + 3 slots: 0x00007d3d40bfc5c0 is pointing into the stack for thread: 0x00007d3d4c6a6a90
stack at sp + 4 slots: 0x00007d3d40bfc5a0 is pointing into the stack for thread: 0x00007d3d4c6a6a90
stack at sp + 5 slots: 0x00007d3d4c8a73a0 points into unknown readable memory: 0x00000007d3d4c807 | 07 c8 d4 d3 07 00 00 00
stack at sp + 6 slots: 0x00007d3d5073ae68 points into unknown readable memory: 0x00007d3daa1893e8 | e8 93 18 aa 3d 7d 00 00
stack at sp + 7 slots: 0x00007d3d302ce5e8 points into unknown readable memory: 0x00007d3daa181ff8 | f8 1f 18 aa 3d 7d 00 00


---------------  P R O C E S S  ---------------

Threads class SMR info:
_java_thread_list=0x00007d3d4c47ef00, length=61, elements={
0x00007d3da402e6e0, 0x00007d3da4268e30, 0x00007d3da427d360, 0x00007d3da427e530,
0x00007d3da427fdc0, 0x00007d3da4281410, 0x00007d3da42829b0, 0x00007d3da4284170,
0x00007d3da4285830, 0x00007d3da4368a20, 0x00007d3da5258360, 0x00007d3da560bad0,
0x00007d3da564c000, 0x00007d3d34010bd0, 0x00007d3d2c001bd0, 0x00007d3d2c008000,
0x00007d3d2c00f8c0, 0x00007d3d1800a260, 0x00007d3d1800dc80, 0x00007d3d1801beb0,
0x00007d3d18218c80, 0x00007d3d1821e320, 0x00007d3d1829e850, 0x00007d3d18a71820,
0x00007d3d18a79bd0, 0x00007d3d18b942b0, 0x00007d3d18b99a20, 0x00007d3d18cbed00,
0x00007d3d18ce8e10, 0x00007d3d18dd7480, 0x00007d3d18e18270, 0x00007d3d1823a120,
0x00007d3d184e2730, 0x00007d3d1920bbe0, 0x00007d3d193dfa70, 0x00007d3d193e2e70,
0x00007d3d193e3f50, 0x00007d3d193edfa0, 0x00007d3d193ef1c0, 0x00007d3d193f04a0,
0x00007d3d193f73a0, 0x00007d3d19412f70, 0x00007d3d19413ff0, 0x00007d3d194152f0,
0x00007d3d182b3de0, 0x00007d3d182b76a0, 0x00007d3d182b8290, 0x00007d3d19a26b00,
0x00007d3d19a33280, 0x00007d3d19a344e0, 0x00007d3d19a35c80, 0x00007d3d19a36f40,
0x00007d3d19a30590, 0x00007d3d19a31d90, 0x00007d3d19a2ed50, 0x00007d3d19a39de0,
0x00007d3d19fc8bf0, 0x00007d3d1a0ef670, 0x00007d3d1a372fb0, 0x00007d3d1a739930,
0x00007d3d4c6a6a90
}

Java Threads: ( => current thread )
  0x00007d3da402e6e0 JavaThread "main"                              [_thread_blocked, id=15989, stack(0x00007d3da8f00000,0x00007d3da9000000) (1024K)]
  0x00007d3da4268e30 JavaThread "Common-Cleaner"             daemon [_thread_blocked, id=15997, stack(0x00007d3d8cb00000,0x00007d3d8cc00000) (1024K)]
  0x00007d3da427d360 JavaThread "Reference Handler"          daemon [_thread_blocked, id=15998, stack(0x00007d3d8ca00000,0x00007d3d8cb00000) (1024K)]
  0x00007d3da427e530 JavaThread "Finalizer"                  daemon [_thread_blocked, id=15999, stack(0x00007d3d8c900000,0x00007d3d8ca00000) (1024K)]
  0x00007d3da427fdc0 JavaThread "Signal Dispatcher"          daemon [_thread_blocked, id=16000, stack(0x00007d3d8c800000,0x00007d3d8c900000) (1024K)]
  0x00007d3da4281410 JavaThread "Service Thread"             daemon [_thread_blocked, id=16001, stack(0x00007d3d8c700000,0x00007d3d8c800000) (1024K)]
  0x00007d3da42829b0 JavaThread "Monitor Deflation Thread"   daemon [_thread_blocked, id=16002, stack(0x00007d3d8c600000,0x00007d3d8c700000) (1024K)]
  0x00007d3da4284170 JavaThread "C2 CompilerThread0"         daemon [_thread_in_native, id=16003, stack(0x00007d3d8c500000,0x00007d3d8c600000) (1024K)]
  0x00007d3da4285830 JavaThread "C1 CompilerThread0"         daemon [_thread_blocked, id=16004, stack(0x00007d3d8c400000,0x00007d3d8c500000) (1024K)]
  0x00007d3da4368a20 JavaThread "Notification Thread"        daemon [_thread_blocked, id=16006, stack(0x00007d3d8c300000,0x00007d3d8c400000) (1024K)]
  0x00007d3da5258360 JavaThread "Daemon health stats"               [_thread_blocked, id=16013, stack(0x00007d3d43dff000,0x00007d3d43eff000) (1024K)]
  0x00007d3da560bad0 JavaThread "Incoming local TCP Connector on port 40347"        [_thread_in_native, id=16015, stack(0x00007d3d43cff000,0x00007d3d43dff000) (1024K)]
  0x00007d3da564c000 JavaThread "Daemon periodic checks"            [_thread_blocked, id=16022, stack(0x00007d3d43900000,0x00007d3d43a00000) (1024K)]
  0x00007d3d34010bd0 JavaThread "Daemon"                            [_thread_blocked, id=16027, stack(0x00007d3d43800000,0x00007d3d43900000) (1024K)]
  0x00007d3d2c001bd0 JavaThread "Handler for socket connection from /127.0.0.1:40347 to /127.0.0.1:50110"        [_thread_in_native, id=16028, stack(0x00007d3d43700000,0x00007d3d43800000) (1024K)]
  0x00007d3d2c008000 JavaThread "Cancel handler"                    [_thread_blocked, id=16029, stack(0x00007d3d43600000,0x00007d3d43700000) (1024K)]
  0x00007d3d2c00f8c0 JavaThread "Daemon worker"                     [_thread_in_native, id=16030, stack(0x00007d3d43500000,0x00007d3d43600000) (1024K)]
  0x00007d3d1800a260 JavaThread "Asynchronous log dispatcher for DefaultDaemonConnection: socket connection from /127.0.0.1:40347 to /127.0.0.1:50110"        [_thread_blocked, id=16031, stack(0x00007d3d43400000,0x00007d3d43500000) (1024K)]
  0x00007d3d1800dc80 JavaThread "Stdin handler"                     [_thread_blocked, id=16032, stack(0x00007d3d43300000,0x00007d3d43400000) (1024K)]
  0x00007d3d1801beb0 JavaThread "Daemon client event forwarder"        [_thread_blocked, id=16033, stack(0x00007d3d43200000,0x00007d3d43300000) (1024K)]
  0x00007d3d18218c80 JavaThread "Cache worker for journal cache (/home/cooper/.gradle/caches/journal-1)"        [_thread_blocked, id=16035, stack(0x00007d3d43100000,0x00007d3d43200000) (1024K)]
  0x00007d3d1821e320 JavaThread "File lock request listener"        [_thread_in_native, id=16037, stack(0x00007d3d42f00000,0x00007d3d43000000) (1024K)]
  0x00007d3d1829e850 JavaThread "Cache worker for file hash cache (/home/cooper/.gradle/caches/9.3.1/fileHashes)"        [_thread_blocked, id=16038, stack(0x00007d3d42e00000,0x00007d3d42f00000) (1024K)]
  0x00007d3d18a71820 JavaThread "Cache worker for file hash cache (/home/cooper/AndroidStudioProjects/KariaInventoryApp/.gradle/9.3.1/fileHashes)"        [_thread_blocked, id=16040, stack(0x00007d3d42d00000,0x00007d3d42e00000) (1024K)]
  0x00007d3d18a79bd0 JavaThread "Cache worker for Build Output Cleanup Cache (/home/cooper/AndroidStudioProjects/KariaInventoryApp/.gradle/buildOutputCleanup)"        [_thread_blocked, id=16041, stack(0x00007d3d42c00000,0x00007d3d42d00000) (1024K)]
  0x00007d3d18b942b0 JavaThread "File watcher server"        daemon [_thread_in_native, id=16044, stack(0x00007d3d42b00000,0x00007d3d42c00000) (1024K)]
  0x00007d3d18b99a20 JavaThread "File watcher consumer"      daemon [_thread_blocked, id=16045, stack(0x00007d3d42a00000,0x00007d3d42b00000) (1024K)]
  0x00007d3d18cbed00 JavaThread "Cache worker for checksums cache (/home/cooper/AndroidStudioProjects/KariaInventoryApp/.gradle/9.3.1/checksums)"        [_thread_blocked, id=16047, stack(0x00007d3d42900000,0x00007d3d42a00000) (1024K)]
  0x00007d3d18ce8e10 JavaThread "Cache worker for file content cache (/home/cooper/.gradle/caches/9.3.1/fileContent)"        [_thread_blocked, id=16048, stack(0x00007d3d42800000,0x00007d3d42900000) (1024K)]
  0x00007d3d18dd7480 JavaThread "Cache worker for cache directory md-supplier (/home/cooper/.gradle/caches/9.3.1/md-supplier)"        [_thread_blocked, id=16049, stack(0x00007d3d43000000,0x00007d3d43100000) (1024K)]
  0x00007d3d18e18270 JavaThread "Cache worker for cache directory md-rule (/home/cooper/.gradle/caches/9.3.1/md-rule)"        [_thread_blocked, id=16050, stack(0x00007d3d42700000,0x00007d3d42800000) (1024K)]
  0x00007d3d1823a120 JavaThread "jar transforms"                    [_thread_blocked, id=16052, stack(0x00007d3d42500000,0x00007d3d42600000) (1024K)]
  0x00007d3d184e2730 JavaThread "jar transforms Thread 2"           [_thread_blocked, id=16053, stack(0x00007d3d42400000,0x00007d3d42500000) (1024K)]
  0x00007d3d1920bbe0 JavaThread "jar transforms Thread 3"           [_thread_blocked, id=16068, stack(0x00007d3d42300000,0x00007d3d42400000) (1024K)]
  0x00007d3d193dfa70 JavaThread "Unconstrained build operations"        [_thread_blocked, id=16069, stack(0x00007d3d42200000,0x00007d3d42300000) (1024K)]
  0x00007d3d193e2e70 JavaThread "Unconstrained build operations Thread 2"        [_thread_blocked, id=16070, stack(0x00007d3d42100000,0x00007d3d42200000) (1024K)]
  0x00007d3d193e3f50 JavaThread "Unconstrained build operations Thread 3"        [_thread_blocked, id=16071, stack(0x00007d3d42000000,0x00007d3d42100000) (1024K)]
  0x00007d3d193edfa0 JavaThread "Unconstrained build operations Thread 4"        [_thread_blocked, id=16072, stack(0x00007d3d41f00000,0x00007d3d42000000) (1024K)]
  0x00007d3d193ef1c0 JavaThread "Unconstrained build operations Thread 5"        [_thread_blocked, id=16073, stack(0x00007d3d41e00000,0x00007d3d41f00000) (1024K)]
  0x00007d3d193f04a0 JavaThread "Unconstrained build operations Thread 6"        [_thread_blocked, id=16074, stack(0x00007d3d41d00000,0x00007d3d41e00000) (1024K)]
  0x00007d3d193f73a0 JavaThread "jar transforms Thread 4"           [_thread_blocked, id=16075, stack(0x00007d3d41c00000,0x00007d3d41d00000) (1024K)]
  0x00007d3d19412f70 JavaThread "Unconstrained build operations Thread 7"        [_thread_blocked, id=16076, stack(0x00007d3d41b00000,0x00007d3d41c00000) (1024K)]
  0x00007d3d19413ff0 JavaThread "Unconstrained build operations Thread 8"        [_thread_blocked, id=16077, stack(0x00007d3d41a00000,0x00007d3d41b00000) (1024K)]
  0x00007d3d194152f0 JavaThread "Unconstrained build operations Thread 9"        [_thread_blocked, id=16078, stack(0x00007d3d41900000,0x00007d3d41a00000) (1024K)]
  0x00007d3d182b3de0 JavaThread "Unconstrained build operations Thread 10"        [_thread_blocked, id=16079, stack(0x00007d3d41800000,0x00007d3d41900000) (1024K)]
  0x00007d3d182b76a0 JavaThread "Unconstrained build operations Thread 11"        [_thread_blocked, id=16080, stack(0x00007d3d41700000,0x00007d3d41800000) (1024K)]
  0x00007d3d182b8290 JavaThread "Unconstrained build operations Thread 12"        [_thread_blocked, id=16081, stack(0x00007d3d41600000,0x00007d3d41700000) (1024K)]
  0x00007d3d19a26b00 JavaThread "Unconstrained build operations Thread 13"        [_thread_blocked, id=16086, stack(0x00007d3d41500000,0x00007d3d41600000) (1024K)]
  0x00007d3d19a33280 JavaThread "Unconstrained build operations Thread 14"        [_thread_blocked, id=16087, stack(0x00007d3d41400000,0x00007d3d41500000) (1024K)]
  0x00007d3d19a344e0 JavaThread "Unconstrained build operations Thread 15"        [_thread_blocked, id=16088, stack(0x00007d3d41300000,0x00007d3d41400000) (1024K)]
  0x00007d3d19a35c80 JavaThread "Unconstrained build operations Thread 16"        [_thread_blocked, id=16089, stack(0x00007d3d41200000,0x00007d3d41300000) (1024K)]
  0x00007d3d19a36f40 JavaThread "Unconstrained build operations Thread 17"        [_thread_blocked, id=16090, stack(0x00007d3d41100000,0x00007d3d41200000) (1024K)]
  0x00007d3d19a30590 JavaThread "Unconstrained build operations Thread 18"        [_thread_blocked, id=16091, stack(0x00007d3d41000000,0x00007d3d41100000) (1024K)]
  0x00007d3d19a31d90 JavaThread "Unconstrained build operations Thread 19"        [_thread_blocked, id=16092, stack(0x00007d3d40f00000,0x00007d3d41000000) (1024K)]
  0x00007d3d19a2ed50 JavaThread "Unconstrained build operations Thread 20"        [_thread_blocked, id=16093, stack(0x00007d3d40e00000,0x00007d3d40f00000) (1024K)]
  0x00007d3d19a39de0 JavaThread "Unconstrained build operations Thread 21"        [_thread_blocked, id=16094, stack(0x00007d3d40d00000,0x00007d3d40e00000) (1024K)]
  0x00007d3d19fc8bf0 JavaThread "Problems report writer"            [_thread_blocked, id=16095, stack(0x00007d3d42600000,0x00007d3d42700000) (1024K)]
  0x00007d3d1a0ef670 JavaThread "build event listener"              [_thread_blocked, id=16097, stack(0x00007d3d40c00000,0x00007d3d40d00000) (1024K)]
  0x00007d3d1a372fb0 JavaThread "Memory manager"                    [_thread_blocked, id=16109, stack(0x00007d3d40a00000,0x00007d3d40b00000) (1024K)]
  0x00007d3d1a739930 JavaThread "build event listener"              [_thread_blocked, id=16112, stack(0x00007d3d40900000,0x00007d3d40a00000) (1024K)]
=>0x00007d3d4c6a6a90 JavaThread "C2 CompilerThread1"         daemon [_thread_in_native, id=16113, stack(0x00007d3d40b00000,0x00007d3d40c00000) (1024K)]
Total: 61

Other Threads:
  0x00007d3da41a9e00 VMThread "VM Thread"                           [id=15996, stack(0x00007d3d8d1e0000,0x00007d3d8d2e0000) (1024K)]
  0x00007d3da419ed40 WatcherThread "VM Periodic Task Thread"        [id=15995, stack(0x00007d3d8d2e1000,0x00007d3d8d3e1000) (1024K)]
  0x00007d3da4087610 WorkerThread "GC Thread#0"                     [id=15990, stack(0x00007d3da8826000,0x00007d3da8926000) (1024K)]
  0x00007d3d74006910 WorkerThread "GC Thread#1"                     [id=16008, stack(0x00007d3d8c200000,0x00007d3d8c300000) (1024K)]
  0x00007d3d74007430 WorkerThread "GC Thread#2"                     [id=16009, stack(0x00007d3d8c0ff000,0x00007d3d8c1ff000) (1024K)]
  0x00007d3d74007f50 WorkerThread "GC Thread#3"                     [id=16010, stack(0x00007d3d43f00000,0x00007d3d44000000) (1024K)]
  0x00007d3da4098c10 ConcurrentGCThread "G1 Main Marker"            [id=15991, stack(0x00007d3da8300000,0x00007d3da8400000) (1024K)]
  0x00007d3da4099bb0 WorkerThread "G1 Conc#0"                       [id=15992, stack(0x00007d3da81ff000,0x00007d3da82ff000) (1024K)]
  0x00007d3da418d6e0 ConcurrentGCThread "G1 Refine#0"               [id=15993, stack(0x00007d3d8d5fd000,0x00007d3d8d6fd000) (1024K)]
  0x00007d3da418e6a0 ConcurrentGCThread "G1 Service"                [id=15994, stack(0x00007d3d8d4fc000,0x00007d3d8d5fc000) (1024K)]
Total: 10

Threads with active compile tasks:
C2 CompilerThread0  43300 10700   !   4       org.gradle.internal.classloader.VisitableURLClassLoader$InstrumentingVisitableURLClassLoader::findClass (36 bytes)
C2 CompilerThread1  43300 10711   !   4       java.net.URLClassLoader$1::run (81 bytes)
Total: 2

VM state: not at safepoint (normal execution)

VM Mutex/Monitor currently owned by a thread: None

Heap address: 0x0000000080000000, size: 2048 MB, Compressed Oops mode: 32-bit

CDS archive(s) not mapped
Compressed class space mapped at: 0x0000000100000000-0x0000000140000000, reserved size: 1073741824
Narrow klass base: 0x0000000000000000, Narrow klass shift: 3, Narrow klass range: 0x140000000

GC Precious Log:
 CardTable entry size: 512
 Card Set container configuration: InlinePtr #cards 5 size 8 Array Of Cards #cards 12 size 40 Howl #buckets 4 coarsen threshold 1843 Howl Bitmap #cards 512 size 80 coarsen threshold 460 Card regions per heap region 1 cards per card region 2048
 CPUs: 4 total, 4 available
 Memory: 15905M
 Large Page Support: Disabled
 NUMA Support: Disabled
 Compressed Oops: Enabled (32-bit)
 Heap Region Size: 1M
 Heap Min Capacity: 8M
 Heap Initial Capacity: 250M
 Heap Max Capacity: 2G
 Pre-touch: Disabled
 Parallel Workers: 4
 Concurrent Workers: 1
 Concurrent Refinement Workers: 4
 Periodic GC: Disabled

Heap:
 garbage-first heap   total 153600K, used 135620K [0x0000000080000000, 0x0000000100000000)
  region size 1024K, 47 young (48128K), 7 survivors (7168K)
 Metaspace       used 99124K, committed 101184K, reserved 1179648K
  class space    used 13698K, committed 14656K, reserved 1048576K

Heap Regions: E=young(eden), S=young(survivor), O=old, HS=humongous(starts), HC=humongous(continues), CS=collection set, F=free, TAMS=top-at-mark-start, PB=parsable bottom
|   0|0x0000000080000000, 0x0000000080100000, 0x0000000080100000|100%|HS|  |TAMS 0x0000000080000000| PB 0x0000000080000000| Complete 
|   1|0x0000000080100000, 0x0000000080200000, 0x0000000080200000|100%|HC|  |TAMS 0x0000000080100000| PB 0x0000000080100000| Complete 
|   2|0x0000000080200000, 0x0000000080300000, 0x0000000080300000|100%|HC|  |TAMS 0x0000000080200000| PB 0x0000000080200000| Complete 
|   3|0x0000000080300000, 0x0000000080400000, 0x0000000080400000|100%|HC|  |TAMS 0x0000000080300000| PB 0x0000000080300000| Complete 
|   4|0x0000000080400000, 0x0000000080500000, 0x0000000080500000|100%| O|Cm|TAMS 0x0000000080400000| PB 0x0000000080400000| Complete 
|   5|0x0000000080500000, 0x0000000080600000, 0x0000000080600000|100%| O|  |TAMS 0x0000000080500000| PB 0x0000000080500000| Untracked 
|   6|0x0000000080600000, 0x0000000080700000, 0x0000000080700000|100%| O|  |TAMS 0x0000000080600000| PB 0x0000000080600000| Untracked 
|   7|0x0000000080700000, 0x0000000080800000, 0x0000000080800000|100%|HS|  |TAMS 0x0000000080700000| PB 0x0000000080700000| Complete 
|   8|0x0000000080800000, 0x0000000080900000, 0x0000000080900000|100%| O|  |TAMS 0x0000000080800000| PB 0x0000000080800000| Untracked 
|   9|0x0000000080900000, 0x0000000080a00000, 0x0000000080a00000|100%| O|  |TAMS 0x0000000080900000| PB 0x0000000080900000| Untracked 
|  10|0x0000000080a00000, 0x0000000080b00000, 0x0000000080b00000|100%| O|  |TAMS 0x0000000080a00000| PB 0x0000000080a00000| Untracked 
|  11|0x0000000080b00000, 0x0000000080c00000, 0x0000000080c00000|100%| O|  |TAMS 0x0000000080b00000| PB 0x0000000080b00000| Untracked 
|  12|0x0000000080c00000, 0x0000000080d00000, 0x0000000080d00000|100%| O|  |TAMS 0x0000000080c00000| PB 0x0000000080c00000| Untracked 
|  13|0x0000000080d00000, 0x0000000080e00000, 0x0000000080e00000|100%| O|  |TAMS 0x0000000080d00000| PB 0x0000000080d00000| Untracked 
|  14|0x0000000080e00000, 0x0000000080f00000, 0x0000000080f00000|100%| O|  |TAMS 0x0000000080e00000| PB 0x0000000080e00000| Untracked 
|  15|0x0000000080f00000, 0x0000000081000000, 0x0000000081000000|100%| O|  |TAMS 0x0000000080f00000| PB 0x0000000080f00000| Untracked 
|  16|0x0000000081000000, 0x0000000081100000, 0x0000000081100000|100%| O|  |TAMS 0x0000000081000000| PB 0x0000000081000000| Untracked 
|  17|0x0000000081100000, 0x0000000081200000, 0x0000000081200000|100%| O|  |TAMS 0x0000000081100000| PB 0x0000000081100000| Untracked 
|  18|0x0000000081200000, 0x0000000081300000, 0x0000000081300000|100%| O|  |TAMS 0x0000000081200000| PB 0x0000000081200000| Untracked 
|  19|0x0000000081300000, 0x0000000081400000, 0x0000000081400000|100%| O|  |TAMS 0x0000000081300000| PB 0x0000000081300000| Untracked 
|  20|0x0000000081400000, 0x0000000081500000, 0x0000000081500000|100%| O|  |TAMS 0x0000000081400000| PB 0x0000000081400000| Untracked 
|  21|0x0000000081500000, 0x0000000081600000, 0x0000000081600000|100%| O|  |TAMS 0x0000000081500000| PB 0x0000000081500000| Untracked 
|  22|0x0000000081600000, 0x0000000081700000, 0x0000000081700000|100%| O|  |TAMS 0x0000000081600000| PB 0x0000000081600000| Untracked 
|  23|0x0000000081700000, 0x0000000081800000, 0x0000000081800000|100%| O|  |TAMS 0x0000000081700000| PB 0x0000000081700000| Untracked 
|  24|0x0000000081800000, 0x0000000081900000, 0x0000000081900000|100%| O|  |TAMS 0x0000000081800000| PB 0x0000000081800000| Untracked 
|  25|0x0000000081900000, 0x0000000081a00000, 0x0000000081a00000|100%| O|  |TAMS 0x0000000081900000| PB 0x0000000081900000| Untracked 
|  26|0x0000000081a00000, 0x0000000081b00000, 0x0000000081b00000|100%| O|  |TAMS 0x0000000081a00000| PB 0x0000000081a00000| Untracked 
|  27|0x0000000081b00000, 0x0000000081c00000, 0x0000000081c00000|100%| O|  |TAMS 0x0000000081b00000| PB 0x0000000081b00000| Untracked 
|  28|0x0000000081c00000, 0x0000000081d00000, 0x0000000081d00000|100%| O|  |TAMS 0x0000000081c00000| PB 0x0000000081c00000| Untracked 
|  29|0x0000000081d00000, 0x0000000081e00000, 0x0000000081e00000|100%|HS|  |TAMS 0x0000000081d00000| PB 0x0000000081d00000| Complete 
|  30|0x0000000081e00000, 0x0000000081f00000, 0x0000000081f00000|100%|HC|  |TAMS 0x0000000081e00000| PB 0x0000000081e00000| Complete 
|  31|0x0000000081f00000, 0x0000000082000000, 0x0000000082000000|100%| O|  |TAMS 0x0000000081f00000| PB 0x0000000081f00000| Untracked 
|  32|0x0000000082000000, 0x0000000082100000, 0x0000000082100000|100%| O|  |TAMS 0x0000000082000000| PB 0x0000000082000000| Untracked 
|  33|0x0000000082100000, 0x0000000082200000, 0x0000000082200000|100%| O|  |TAMS 0x0000000082100000| PB 0x0000000082100000| Untracked 
|  34|0x0000000082200000, 0x0000000082300000, 0x0000000082300000|100%| O|  |TAMS 0x0000000082200000| PB 0x0000000082200000| Untracked 
|  35|0x0000000082300000, 0x0000000082400000, 0x0000000082400000|100%| O|  |TAMS 0x0000000082300000| PB 0x0000000082300000| Untracked 
|  36|0x0000000082400000, 0x0000000082500000, 0x0000000082500000|100%| O|  |TAMS 0x0000000082400000| PB 0x0000000082400000| Untracked 
|  37|0x0000000082500000, 0x0000000082600000, 0x0000000082600000|100%| O|  |TAMS 0x0000000082500000| PB 0x0000000082500000| Untracked 
|  38|0x0000000082600000, 0x0000000082700000, 0x0000000082700000|100%| O|  |TAMS 0x0000000082600000| PB 0x0000000082600000| Untracked 
|  39|0x0000000082700000, 0x0000000082800000, 0x0000000082800000|100%| O|  |TAMS 0x0000000082700000| PB 0x0000000082700000| Untracked 
|  40|0x0000000082800000, 0x0000000082900000, 0x0000000082900000|100%| O|  |TAMS 0x0000000082800000| PB 0x0000000082800000| Untracked 
|  41|0x0000000082900000, 0x0000000082a00000, 0x0000000082a00000|100%| O|  |TAMS 0x0000000082900000| PB 0x0000000082900000| Untracked 
|  42|0x0000000082a00000, 0x0000000082b00000, 0x0000000082b00000|100%| O|  |TAMS 0x0000000082a00000| PB 0x0000000082a00000| Untracked 
|  43|0x0000000082b00000, 0x0000000082c00000, 0x0000000082c00000|100%|HS|  |TAMS 0x0000000082b00000| PB 0x0000000082b00000| Complete 
|  44|0x0000000082c00000, 0x0000000082d00000, 0x0000000082d00000|100%|HS|  |TAMS 0x0000000082c00000| PB 0x0000000082c00000| Complete 
|  45|0x0000000082d00000, 0x0000000082e00000, 0x0000000082e00000|100%| O|  |TAMS 0x0000000082d00000| PB 0x0000000082d00000| Untracked 
|  46|0x0000000082e00000, 0x0000000082f00000, 0x0000000082f00000|100%| O|  |TAMS 0x0000000082e00000| PB 0x0000000082e00000| Untracked 
|  47|0x0000000082f00000, 0x0000000083000000, 0x0000000083000000|100%| O|  |TAMS 0x0000000082f00000| PB 0x0000000082f00000| Untracked 
|  48|0x0000000083000000, 0x0000000083100000, 0x0000000083100000|100%| O|  |TAMS 0x0000000083000000| PB 0x0000000083000000| Untracked 
|  49|0x0000000083100000, 0x0000000083200000, 0x0000000083200000|100%| O|  |TAMS 0x0000000083100000| PB 0x0000000083100000| Untracked 
|  50|0x0000000083200000, 0x0000000083300000, 0x0000000083300000|100%| O|  |TAMS 0x0000000083200000| PB 0x0000000083200000| Untracked 
|  51|0x0000000083300000, 0x0000000083400000, 0x0000000083400000|100%| O|Cm|TAMS 0x0000000083300000| PB 0x0000000083300000| Complete 
|  52|0x0000000083400000, 0x0000000083500000, 0x0000000083500000|100%| O|  |TAMS 0x0000000083400000| PB 0x0000000083400000| Untracked 
|  53|0x0000000083500000, 0x0000000083600000, 0x0000000083600000|100%| O|  |TAMS 0x0000000083500000| PB 0x0000000083500000| Untracked 
|  54|0x0000000083600000, 0x0000000083700000, 0x0000000083700000|100%| O|  |TAMS 0x0000000083600000| PB 0x0000000083600000| Untracked 
|  55|0x0000000083700000, 0x0000000083800000, 0x0000000083800000|100%|HS|  |TAMS 0x0000000083700000| PB 0x0000000083700000| Complete 
|  56|0x0000000083800000, 0x0000000083900000, 0x0000000083900000|100%|HC|  |TAMS 0x0000000083800000| PB 0x0000000083800000| Complete 
|  57|0x0000000083900000, 0x0000000083a00000, 0x0000000083a00000|100%|HS|  |TAMS 0x0000000083900000| PB 0x0000000083900000| Complete 
|  58|0x0000000083a00000, 0x0000000083b00000, 0x0000000083b00000|100%|HC|  |TAMS 0x0000000083a00000| PB 0x0000000083a00000| Complete 
|  59|0x0000000083b00000, 0x0000000083c00000, 0x0000000083c00000|100%|HS|  |TAMS 0x0000000083b00000| PB 0x0000000083b00000| Complete 
|  60|0x0000000083c00000, 0x0000000083d00000, 0x0000000083d00000|100%| O|  |TAMS 0x0000000083c00000| PB 0x0000000083c00000| Untracked 
|  61|0x0000000083d00000, 0x0000000083e00000, 0x0000000083e00000|100%|HS|  |TAMS 0x0000000083d00000| PB 0x0000000083d00000| Complete 
|  62|0x0000000083e00000, 0x0000000083f00000, 0x0000000083f00000|100%| O|  |TAMS 0x0000000083e00000| PB 0x0000000083e00000| Untracked 
|  63|0x0000000083f00000, 0x0000000084000000, 0x0000000084000000|100%| O|  |TAMS 0x0000000083f00000| PB 0x0000000083f00000| Untracked 
|  64|0x0000000084000000, 0x0000000084100000, 0x0000000084100000|100%| O|  |TAMS 0x0000000084000000| PB 0x0000000084000000| Untracked 
|  65|0x0000000084100000, 0x0000000084200000, 0x0000000084200000|100%| O|  |TAMS 0x0000000084100000| PB 0x0000000084100000| Untracked 
|  66|0x0000000084200000, 0x0000000084300000, 0x0000000084300000|100%|HS|  |TAMS 0x0000000084200000| PB 0x0000000084200000| Complete 
|  67|0x0000000084300000, 0x0000000084400000, 0x0000000084400000|100%|HS|  |TAMS 0x0000000084300000| PB 0x0000000084300000| Complete 
|  68|0x0000000084400000, 0x0000000084500000, 0x0000000084500000|100%|HS|  |TAMS 0x0000000084400000| PB 0x0000000084400000| Complete 
|  69|0x0000000084500000, 0x0000000084600000, 0x0000000084600000|100%| O|  |TAMS 0x0000000084500000| PB 0x0000000084500000| Untracked 
|  70|0x0000000084600000, 0x0000000084700000, 0x0000000084700000|100%| O|  |TAMS 0x0000000084600000| PB 0x0000000084600000| Untracked 
|  71|0x0000000084700000, 0x0000000084800000, 0x0000000084800000|100%| O|  |TAMS 0x0000000084700000| PB 0x0000000084700000| Untracked 
|  72|0x0000000084800000, 0x0000000084900000, 0x0000000084900000|100%| O|  |TAMS 0x0000000084800000| PB 0x0000000084800000| Untracked 
|  73|0x0000000084900000, 0x0000000084a00000, 0x0000000084a00000|100%| O|  |TAMS 0x0000000084900000| PB 0x0000000084900000| Untracked 
|  74|0x0000000084a00000, 0x0000000084b00000, 0x0000000084b00000|100%| O|  |TAMS 0x0000000084a00000| PB 0x0000000084a00000| Untracked 
|  75|0x0000000084b00000, 0x0000000084c00000, 0x0000000084c00000|100%| O|  |TAMS 0x0000000084b00000| PB 0x0000000084b00000| Untracked 
|  76|0x0000000084c00000, 0x0000000084d00000, 0x0000000084d00000|100%| O|  |TAMS 0x0000000084c00000| PB 0x0000000084c00000| Untracked 
|  77|0x0000000084d00000, 0x0000000084e00000, 0x0000000084e00000|100%| O|  |TAMS 0x0000000084d00000| PB 0x0000000084d00000| Untracked 
|  78|0x0000000084e00000, 0x0000000084f00000, 0x0000000084f00000|100%| O|  |TAMS 0x0000000084e00000| PB 0x0000000084e00000| Untracked 
|  79|0x0000000084f00000, 0x0000000085000000, 0x0000000085000000|100%| O|  |TAMS 0x0000000084f00000| PB 0x0000000084f00000| Untracked 
|  80|0x0000000085000000, 0x00000000850803e0, 0x0000000085100000| 50%| O|  |TAMS 0x0000000085000000| PB 0x0000000085000000| Untracked 
|  81|0x0000000085100000, 0x0000000085100000, 0x0000000085200000|  0%| F|  |TAMS 0x0000000085100000| PB 0x0000000085100000| Untracked 
|  82|0x0000000085200000, 0x0000000085200000, 0x0000000085300000|  0%| F|  |TAMS 0x0000000085200000| PB 0x0000000085200000| Untracked 
|  83|0x0000000085300000, 0x0000000085300000, 0x0000000085400000|  0%| F|  |TAMS 0x0000000085300000| PB 0x0000000085300000| Untracked 
|  84|0x0000000085400000, 0x0000000085500000, 0x0000000085500000|100%| O|  |TAMS 0x0000000085400000| PB 0x0000000085400000| Untracked 
|  85|0x0000000085500000, 0x0000000085600000, 0x0000000085600000|100%| O|  |TAMS 0x0000000085500000| PB 0x0000000085500000| Untracked 
|  86|0x0000000085600000, 0x0000000085600000, 0x0000000085700000|  0%| F|  |TAMS 0x0000000085600000| PB 0x0000000085600000| Untracked 
|  87|0x0000000085700000, 0x0000000085800000, 0x0000000085800000|100%| O|  |TAMS 0x0000000085700000| PB 0x0000000085700000| Untracked 
|  88|0x0000000085800000, 0x0000000085800000, 0x0000000085900000|  0%| F|  |TAMS 0x0000000085800000| PB 0x0000000085800000| Untracked 
|  89|0x0000000085900000, 0x0000000085900000, 0x0000000085a00000|  0%| F|  |TAMS 0x0000000085900000| PB 0x0000000085900000| Untracked 
|  90|0x0000000085a00000, 0x0000000085a00000, 0x0000000085b00000|  0%| F|  |TAMS 0x0000000085a00000| PB 0x0000000085a00000| Untracked 
|  91|0x0000000085b00000, 0x0000000085b00000, 0x0000000085c00000|  0%| F|  |TAMS 0x0000000085b00000| PB 0x0000000085b00000| Untracked 
|  92|0x0000000085c00000, 0x0000000085c00000, 0x0000000085d00000|  0%| F|  |TAMS 0x0000000085c00000| PB 0x0000000085c00000| Untracked 
|  93|0x0000000085d00000, 0x0000000085d00000, 0x0000000085e00000|  0%| F|  |TAMS 0x0000000085d00000| PB 0x0000000085d00000| Untracked 
|  94|0x0000000085e00000, 0x0000000085e00000, 0x0000000085f00000|  0%| F|  |TAMS 0x0000000085e00000| PB 0x0000000085e00000| Untracked 
|  95|0x0000000085f00000, 0x0000000085ff0f00, 0x0000000086000000| 94%| S|CS|TAMS 0x0000000085f00000| PB 0x0000000085f00000| Complete 
|  96|0x0000000086000000, 0x0000000086100000, 0x0000000086100000|100%| S|CS|TAMS 0x0000000086000000| PB 0x0000000086000000| Complete 
|  97|0x0000000086100000, 0x0000000086200000, 0x0000000086200000|100%| S|CS|TAMS 0x0000000086100000| PB 0x0000000086100000| Complete 
|  98|0x0000000086200000, 0x0000000086300000, 0x0000000086300000|100%| S|CS|TAMS 0x0000000086200000| PB 0x0000000086200000| Complete 
|  99|0x0000000086300000, 0x0000000086400000, 0x0000000086400000|100%| S|CS|TAMS 0x0000000086300000| PB 0x0000000086300000| Complete 
| 100|0x0000000086400000, 0x0000000086500000, 0x0000000086500000|100%| S|CS|TAMS 0x0000000086400000| PB 0x0000000086400000| Complete 
| 101|0x0000000086500000, 0x0000000086600000, 0x0000000086600000|100%| S|CS|TAMS 0x0000000086500000| PB 0x0000000086500000| Complete 
| 102|0x0000000086600000, 0x0000000086600000, 0x0000000086700000|  0%| F|  |TAMS 0x0000000086600000| PB 0x0000000086600000| Untracked 
| 103|0x0000000086700000, 0x0000000086700000, 0x0000000086800000|  0%| F|  |TAMS 0x0000000086700000| PB 0x0000000086700000| Untracked 
| 104|0x0000000086800000, 0x0000000086800000, 0x0000000086900000|  0%| F|  |TAMS 0x0000000086800000| PB 0x0000000086800000| Untracked 
| 105|0x0000000086900000, 0x0000000086900000, 0x0000000086a00000|  0%| F|  |TAMS 0x0000000086900000| PB 0x0000000086900000| Untracked 
| 106|0x0000000086a00000, 0x0000000086a00000, 0x0000000086b00000|  0%| F|  |TAMS 0x0000000086a00000| PB 0x0000000086a00000| Untracked 
| 107|0x0000000086b00000, 0x0000000086b80a60, 0x0000000086c00000| 50%| E|  |TAMS 0x0000000086b00000| PB 0x0000000086b00000| Complete 
| 108|0x0000000086c00000, 0x0000000086d00000, 0x0000000086d00000|100%| E|CS|TAMS 0x0000000086c00000| PB 0x0000000086c00000| Complete 
| 109|0x0000000086d00000, 0x0000000086e00000, 0x0000000086e00000|100%| E|CS|TAMS 0x0000000086d00000| PB 0x0000000086d00000| Complete 
| 110|0x0000000086e00000, 0x0000000086f00000, 0x0000000086f00000|100%| E|CS|TAMS 0x0000000086e00000| PB 0x0000000086e00000| Complete 
| 111|0x0000000086f00000, 0x0000000087000000, 0x0000000087000000|100%| E|CS|TAMS 0x0000000086f00000| PB 0x0000000086f00000| Complete 
| 112|0x0000000087000000, 0x0000000087100000, 0x0000000087100000|100%| E|CS|TAMS 0x0000000087000000| PB 0x0000000087000000| Complete 
| 113|0x0000000087100000, 0x0000000087200000, 0x0000000087200000|100%| E|CS|TAMS 0x0000000087100000| PB 0x0000000087100000| Complete 
| 114|0x0000000087200000, 0x0000000087300000, 0x0000000087300000|100%| E|CS|TAMS 0x0000000087200000| PB 0x0000000087200000| Complete 
| 115|0x0000000087300000, 0x0000000087400000, 0x0000000087400000|100%| E|CS|TAMS 0x0000000087300000| PB 0x0000000087300000| Complete 
| 116|0x0000000087400000, 0x0000000087500000, 0x0000000087500000|100%| E|CS|TAMS 0x0000000087400000| PB 0x0000000087400000| Complete 
| 117|0x0000000087500000, 0x0000000087600000, 0x0000000087600000|100%| E|CS|TAMS 0x0000000087500000| PB 0x0000000087500000| Complete 
| 118|0x0000000087600000, 0x0000000087700000, 0x0000000087700000|100%| E|CS|TAMS 0x0000000087600000| PB 0x0000000087600000| Complete 
| 119|0x0000000087700000, 0x0000000087800000, 0x0000000087800000|100%| E|CS|TAMS 0x0000000087700000| PB 0x0000000087700000| Complete 
| 120|0x0000000087800000, 0x0000000087900000, 0x0000000087900000|100%| E|CS|TAMS 0x0000000087800000| PB 0x0000000087800000| Complete 
| 121|0x0000000087900000, 0x0000000087a00000, 0x0000000087a00000|100%| E|CS|TAMS 0x0000000087900000| PB 0x0000000087900000| Complete 
| 122|0x0000000087a00000, 0x0000000087b00000, 0x0000000087b00000|100%| E|CS|TAMS 0x0000000087a00000| PB 0x0000000087a00000| Complete 
| 123|0x0000000087b00000, 0x0000000087c00000, 0x0000000087c00000|100%| E|CS|TAMS 0x0000000087b00000| PB 0x0000000087b00000| Complete 
| 124|0x0000000087c00000, 0x0000000087d00000, 0x0000000087d00000|100%| E|CS|TAMS 0x0000000087c00000| PB 0x0000000087c00000| Complete 
| 125|0x0000000087d00000, 0x0000000087e00000, 0x0000000087e00000|100%| E|CS|TAMS 0x0000000087d00000| PB 0x0000000087d00000| Complete 
| 126|0x0000000087e00000, 0x0000000087f00000, 0x0000000087f00000|100%| E|CS|TAMS 0x0000000087e00000| PB 0x0000000087e00000| Complete 
| 127|0x0000000087f00000, 0x0000000088000000, 0x0000000088000000|100%| E|CS|TAMS 0x0000000087f00000| PB 0x0000000087f00000| Complete 
| 128|0x0000000088000000, 0x0000000088100000, 0x0000000088100000|100%| E|CS|TAMS 0x0000000088000000| PB 0x0000000088000000| Complete 
| 135|0x0000000088700000, 0x0000000088800000, 0x0000000088800000|100%| E|CS|TAMS 0x0000000088700000| PB 0x0000000088700000| Complete 
| 136|0x0000000088800000, 0x0000000088900000, 0x0000000088900000|100%| E|CS|TAMS 0x0000000088800000| PB 0x0000000088800000| Complete 
| 137|0x0000000088900000, 0x0000000088a00000, 0x0000000088a00000|100%| E|CS|TAMS 0x0000000088900000| PB 0x0000000088900000| Complete 
| 138|0x0000000088a00000, 0x0000000088b00000, 0x0000000088b00000|100%| E|CS|TAMS 0x0000000088a00000| PB 0x0000000088a00000| Complete 
| 139|0x0000000088b00000, 0x0000000088c00000, 0x0000000088c00000|100%| E|CS|TAMS 0x0000000088b00000| PB 0x0000000088b00000| Complete 
| 140|0x0000000088c00000, 0x0000000088d00000, 0x0000000088d00000|100%| E|CS|TAMS 0x0000000088c00000| PB 0x0000000088c00000| Complete 
| 141|0x0000000088d00000, 0x0000000088e00000, 0x0000000088e00000|100%| E|CS|TAMS 0x0000000088d00000| PB 0x0000000088d00000| Complete 
| 142|0x0000000088e00000, 0x0000000088f00000, 0x0000000088f00000|100%| E|CS|TAMS 0x0000000088e00000| PB 0x0000000088e00000| Complete 
| 143|0x0000000088f00000, 0x0000000089000000, 0x0000000089000000|100%| E|CS|TAMS 0x0000000088f00000| PB 0x0000000088f00000| Complete 
| 144|0x0000000089000000, 0x0000000089100000, 0x0000000089100000|100%| E|CS|TAMS 0x0000000089000000| PB 0x0000000089000000| Complete 
| 145|0x0000000089100000, 0x0000000089200000, 0x0000000089200000|100%| E|CS|TAMS 0x0000000089100000| PB 0x0000000089100000| Complete 
| 146|0x0000000089200000, 0x0000000089300000, 0x0000000089300000|100%| E|CS|TAMS 0x0000000089200000| PB 0x0000000089200000| Complete 
| 147|0x0000000089300000, 0x0000000089400000, 0x0000000089400000|100%| E|CS|TAMS 0x0000000089300000| PB 0x0000000089300000| Complete 
| 248|0x000000008f800000, 0x000000008f900000, 0x000000008f900000|100%| E|CS|TAMS 0x000000008f800000| PB 0x000000008f800000| Complete 
| 249|0x000000008f900000, 0x000000008fa00000, 0x000000008fa00000|100%| E|CS|TAMS 0x000000008f900000| PB 0x000000008f900000| Complete 
|2042|0x00000000ffa00000, 0x00000000ffb00000, 0x00000000ffb00000|100%| E|CS|TAMS 0x00000000ffa00000| PB 0x00000000ffa00000| Complete 
|2043|0x00000000ffb00000, 0x00000000ffc00000, 0x00000000ffc00000|100%| O|  |TAMS 0x00000000ffb00000| PB 0x00000000ffb00000| Untracked 
|2044|0x00000000ffc00000, 0x00000000ffd00000, 0x00000000ffd00000|100%| E|CS|TAMS 0x00000000ffc00000| PB 0x00000000ffc00000| Complete 
|2045|0x00000000ffd00000, 0x00000000ffe00000, 0x00000000ffe00000|100%| E|CS|TAMS 0x00000000ffd00000| PB 0x00000000ffd00000| Complete 
|2046|0x00000000ffe00000, 0x00000000fff00000, 0x00000000fff00000|100%| O|  |TAMS 0x00000000ffe00000| PB 0x00000000ffe00000| Untracked 
|2047|0x00000000fff00000, 0x0000000100000000, 0x0000000100000000|100%| O|Cm|TAMS 0x00000000fff00000| PB 0x00000000fff00000| Complete 

Card table byte_map: [0x00007d3d91a00000,0x00007d3d91e00000] _byte_map_base: 0x00007d3d91600000

Marking Bits: (CMBitMap*) 0x00007d3da4088140
 Bits: [0x00007d3d8fa00000, 0x00007d3d91a00000)

Polling page: 0x00007d3daa6a3000

Metaspace:

Usage:
  Non-class:     83.43 MB used.
      Class:     13.38 MB used.
       Both:     96.81 MB used.

Virtual space:
  Non-class space:      128.00 MB reserved,      84.50 MB ( 66%) committed,  2 nodes.
      Class space:        1.00 GB reserved,      14.31 MB (  1%) committed,  1 nodes.
             Both:        1.12 GB reserved,      98.81 MB (  9%) committed. 

Chunk freelists:
   Non-Class:  10.78 MB
       Class:  1.69 MB
        Both:  12.47 MB

MaxMetaspaceSize: unlimited
CompressedClassSpaceSize: 1.00 GB
Initial GC threshold: 21.00 MB
Current GC threshold: 158.69 MB
CDS: off
 - commit_granule_bytes: 65536.
 - commit_granule_words: 8192.
 - virtual_space_node_default_size: 8388608.
 - enlarge_chunks_in_place: 1.
 - use_allocation_guard: 0.


Internal statistics:

num_allocs_failed_limit: 15.
num_arena_births: 4086.
num_arena_deaths: 0.
num_vsnodes_births: 3.
num_vsnodes_deaths: 0.
num_space_committed: 1581.
num_space_uncommitted: 0.
num_chunks_returned_to_freelist: 15.
num_chunks_taken_from_freelist: 8328.
num_chunk_merges: 15.
num_chunk_splits: 5451.
num_chunks_enlarged: 3371.
num_inconsistent_stats: 0.

CodeHeap 'non-profiled nmethods': size=120032Kb used=5145Kb max_used=5179Kb free=114886Kb
 bounds [0x00007d3d998c8000, 0x00007d3d99dd8000, 0x00007d3da0e00000]
CodeHeap 'profiled nmethods': size=120028Kb used=15974Kb max_used=15974Kb free=104053Kb
 bounds [0x00007d3d91e00000, 0x00007d3d92da0000, 0x00007d3d99337000]
CodeHeap 'non-nmethods': size=5700Kb used=2059Kb max_used=2096Kb free=3640Kb
 bounds [0x00007d3d99337000, 0x00007d3d995a7000, 0x00007d3d998c8000]
CodeCache: size=245760Kb, used=23178Kb, max_used=23249Kb, free=222579Kb
 total_blobs=9772, nmethods=8930, adapters=746, full_count=0
Compilation: enabled, stopped_count=0, restarted_count=0

Compilation events (20 events):
Event: 43.074 Thread 0x00007d3da4285830 10703       3       java.util.zip.ZipFile$Source$Key::hashCode (46 bytes)
Event: 43.074 Thread 0x00007d3da4285830 nmethod 10703 0x00007d3d92d93d90 code [0x00007d3d92d93f80, 0x00007d3d92d943b0]
Event: 43.075 Thread 0x00007d3da4285830 10704       3       com.google.common.collect.FluentIterable::getDelegate (12 bytes)
Event: 43.075 Thread 0x00007d3da4285830 nmethod 10704 0x00007d3d92d94590 code [0x00007d3d92d94740, 0x00007d3d92d94a08]
Event: 43.075 Thread 0x00007d3da4285830 10705       3       org.gradle.api.internal.DefaultDomainObjectCollection$IteratorImpl::<init> (15 bytes)
Event: 43.076 Thread 0x00007d3da4285830 nmethod 10705 0x00007d3d92d94b10 code [0x00007d3d92d94cc0, 0x00007d3d92d94ed8]
Event: 43.085 Thread 0x00007d3da4285830 10706       3       java.lang.invoke.StringConcatFactory::parseRecipe (213 bytes)
Event: 43.087 Thread 0x00007d3da4285830 nmethod 10706 0x00007d3d92d94f90 code [0x00007d3d92d95340, 0x00007d3d92d96ca8]
Event: 43.090 Thread 0x00007d3da4285830 10707       3       org.gradle.api.internal.DefaultNamedDomainObjectCollection::hasWithName (32 bytes)
Event: 43.090 Thread 0x00007d3da4285830 nmethod 10707 0x00007d3d92d97890 code [0x00007d3d92d97a60, 0x00007d3d92d97d78]
Event: 43.093 Thread 0x00007d3da4285830 10708       3       org.gradle.api.internal.attributes.FreezableAttributeContainer::attribute (18 bytes)
Event: 43.093 Thread 0x00007d3da4285830 nmethod 10708 0x00007d3d92d97e90 code [0x00007d3d92d98040, 0x00007d3d92d98268]
Event: 43.093 Thread 0x00007d3da4285830 10709       3       org.gradle.api.internal.attributes.FreezableAttributeContainer::assertMutable (40 bytes)
Event: 43.094 Thread 0x00007d3da4285830 nmethod 10709 0x00007d3d92d98390 code [0x00007d3d92d98620, 0x00007d3d92d992d8]
Event: 43.120 Thread 0x00007d3da4285830 10710       3       kotlin.LazyKt__LazyJVMKt::lazy (21 bytes)
Event: 43.120 Thread 0x00007d3da4285830 nmethod 10710 0x00007d3d92d99710 code [0x00007d3d92d99940, 0x00007d3d92d99fc0]
Event: 43.135 Thread 0x00007d3d4c6a6a90 nmethod 10702 0x00007d3d99c52010 code [0x00007d3d99c52340, 0x00007d3d99c53f90]
Event: 43.135 Thread 0x00007d3d4c6a6a90 10711   !   4       java.net.URLClassLoader$1::run (81 bytes)
Event: 43.165 Thread 0x00007d3da4285830 10713       3       java.lang.reflect.Constructor::getDeclaredAnnotations (5 bytes)
Event: 43.166 Thread 0x00007d3da4285830 nmethod 10713 0x00007d3d92d9a290 code [0x00007d3d92d9a480, 0x00007d3d92d9a8f8]

GC Heap History (20 events):
Event: 31.904 GC heap before
{Heap before GC invocations=22 (full 0):
 garbage-first heap   total 104448K, used 93257K [0x0000000080000000, 0x0000000100000000)
  region size 1024K, 38 young (38912K), 3 survivors (3072K)
 Metaspace       used 71477K, committed 73344K, reserved 1114112K
  class space    used 10134K, committed 11008K, reserved 1048576K
}
Event: 31.928 GC heap after
{Heap after GC invocations=23 (full 0):
 garbage-first heap   total 125952K, used 57276K [0x0000000080000000, 0x0000000100000000)
  region size 1024K, 4 young (4096K), 4 survivors (4096K)
 Metaspace       used 71477K, committed 73344K, reserved 1114112K
  class space    used 10134K, committed 11008K, reserved 1048576K
}
Event: 33.802 GC heap before
{Heap before GC invocations=23 (full 0):
 garbage-first heap   total 125952K, used 121788K [0x0000000080000000, 0x0000000100000000)
  region size 1024K, 57 young (58368K), 4 survivors (4096K)
 Metaspace       used 73557K, committed 75456K, reserved 1114112K
  class space    used 10378K, committed 11264K, reserved 1048576K
}
Event: 33.838 GC heap after
{Heap after GC invocations=24 (full 0):
 garbage-first heap   total 138240K, used 78812K [0x0000000080000000, 0x0000000100000000)
  region size 1024K, 8 young (8192K), 8 survivors (8192K)
 Metaspace       used 73557K, committed 75456K, reserved 1114112K
  class space    used 10378K, committed 11264K, reserved 1048576K
}
Event: 34.777 GC heap before
{Heap before GC invocations=24 (full 0):
 garbage-first heap   total 138240K, used 99292K [0x0000000080000000, 0x0000000100000000)
  region size 1024K, 29 young (29696K), 8 survivors (8192K)
 Metaspace       used 75236K, committed 77120K, reserved 1179648K
  class space    used 10624K, committed 11520K, reserved 1048576K
}
Event: 34.812 GC heap after
{Heap after GC invocations=25 (full 0):
 garbage-first heap   total 138240K, used 80976K [0x0000000080000000, 0x0000000100000000)
  region size 1024K, 2 young (2048K), 2 survivors (2048K)
 Metaspace       used 75236K, committed 77120K, reserved 1179648K
  class space    used 10624K, committed 11520K, reserved 1048576K
}
Event: 36.285 GC heap before
{Heap before GC invocations=26 (full 0):
 garbage-first heap   total 138240K, used 123984K [0x0000000080000000, 0x0000000100000000)
  region size 1024K, 43 young (44032K), 2 survivors (2048K)
 Metaspace       used 79942K, committed 81792K, reserved 1179648K
  class space    used 11079K, committed 11968K, reserved 1048576K
}
Event: 36.293 GC heap after
{Heap after GC invocations=27 (full 0):
 garbage-first heap   total 138240K, used 81463K [0x0000000080000000, 0x0000000100000000)
  region size 1024K, 2 young (2048K), 2 survivors (2048K)
 Metaspace       used 79942K, committed 81792K, reserved 1179648K
  class space    used 11079K, committed 11968K, reserved 1048576K
}
Event: 38.437 GC heap before
{Heap before GC invocations=27 (full 0):
 garbage-first heap   total 138240K, used 127543K [0x0000000080000000, 0x0000000100000000)
  region size 1024K, 44 young (45056K), 2 survivors (2048K)
 Metaspace       used 84427K, committed 86400K, reserved 1179648K
  class space    used 11707K, committed 12672K, reserved 1048576K
}
Event: 38.450 GC heap after
{Heap after GC invocations=28 (full 0):
 garbage-first heap   total 138240K, used 87276K [0x0000000080000000, 0x0000000100000000)
  region size 1024K, 6 young (6144K), 6 survivors (6144K)
 Metaspace       used 84427K, committed 86400K, reserved 1179648K
  class space    used 11707K, committed 12672K, reserved 1048576K
}
Event: 38.534 GC heap before
{Heap before GC invocations=28 (full 0):
 garbage-first heap   total 138240K, used 93420K [0x0000000080000000, 0x0000000100000000)
  region size 1024K, 13 young (13312K), 6 survivors (6144K)
 Metaspace       used 84431K, committed 86400K, reserved 1179648K
  class space    used 11707K, committed 12672K, reserved 1048576K
}
Event: 38.547 GC heap after
{Heap after GC invocations=29 (full 0):
 garbage-first heap   total 138240K, used 85326K [0x0000000080000000, 0x0000000100000000)
  region size 1024K, 2 young (2048K), 2 survivors (2048K)
 Metaspace       used 84431K, committed 86400K, reserved 1179648K
  class space    used 11707K, committed 12672K, reserved 1048576K
}
Event: 39.287 GC heap before
{Heap before GC invocations=30 (full 0):
 garbage-first heap   total 147456K, used 126286K [0x0000000080000000, 0x0000000100000000)
  region size 1024K, 41 young (41984K), 2 survivors (2048K)
 Metaspace       used 86990K, committed 89024K, reserved 1179648K
  class space    used 12076K, committed 13056K, reserved 1048576K
}
Event: 39.313 GC heap after
{Heap after GC invocations=31 (full 0):
 garbage-first heap   total 147456K, used 88009K [0x0000000080000000, 0x0000000100000000)
  region size 1024K, 3 young (3072K), 3 survivors (3072K)
 Metaspace       used 86990K, committed 89024K, reserved 1179648K
  class space    used 12076K, committed 13056K, reserved 1048576K
}
Event: 40.752 GC heap before
{Heap before GC invocations=31 (full 0):
 garbage-first heap   total 147456K, used 135113K [0x0000000080000000, 0x0000000100000000)
  region size 1024K, 49 young (50176K), 3 survivors (3072K)
 Metaspace       used 91590K, committed 93696K, reserved 1179648K
  class space    used 12660K, committed 13632K, reserved 1048576K
}
Event: 40.766 GC heap after
{Heap after GC invocations=32 (full 0):
 garbage-first heap   total 147456K, used 88510K [0x0000000080000000, 0x0000000100000000)
  region size 1024K, 5 young (5120K), 5 survivors (5120K)
 Metaspace       used 91590K, committed 93696K, reserved 1179648K
  class space    used 12660K, committed 13632K, reserved 1048576K
}
Event: 41.797 GC heap before
{Heap before GC invocations=32 (full 0):
 garbage-first heap   total 147456K, used 135614K [0x0000000080000000, 0x0000000100000000)
  region size 1024K, 51 young (52224K), 5 survivors (5120K)
 Metaspace       used 94880K, committed 96896K, reserved 1179648K
  class space    used 13108K, committed 14080K, reserved 1048576K
}
Event: 41.815 GC heap after
{Heap after GC invocations=33 (full 0):
 garbage-first heap   total 147456K, used 90930K [0x0000000080000000, 0x0000000100000000)
  region size 1024K, 5 young (5120K), 5 survivors (5120K)
 Metaspace       used 94880K, committed 96896K, reserved 1179648K
  class space    used 13108K, committed 14080K, reserved 1048576K
}
Event: 42.603 GC heap before
{Heap before GC invocations=34 (full 0):
 garbage-first heap   total 153600K, used 137010K [0x0000000080000000, 0x0000000100000000)
  region size 1024K, 50 young (51200K), 5 survivors (5120K)
 Metaspace       used 96674K, committed 98688K, reserved 1179648K
  class space    used 13385K, committed 14336K, reserved 1048576K
}
Event: 42.621 GC heap after
{Heap after GC invocations=35 (full 0):
 garbage-first heap   total 153600K, used 95684K [0x0000000080000000, 0x0000000100000000)
  region size 1024K, 7 young (7168K), 7 survivors (7168K)
 Metaspace       used 96674K, committed 98688K, reserved 1179648K
  class space    used 13385K, committed 14336K, reserved 1048576K
}

Dll operation events (13 events):
Event: 0.011 Loaded shared library /home/cooper/.local/share/JetBrains/Toolbox/apps/android-studio/jbr/lib/libjava.so
Event: 0.034 Loaded shared library /home/cooper/.local/share/JetBrains/Toolbox/apps/android-studio/jbr/lib/libzip.so
Event: 0.423 Loaded shared library /home/cooper/.local/share/JetBrains/Toolbox/apps/android-studio/jbr/lib/libnio.so
Event: 0.455 Loaded shared library /home/cooper/.local/share/JetBrains/Toolbox/apps/android-studio/jbr/lib/libinstrument.so
Event: 0.484 Loaded shared library /home/cooper/.local/share/JetBrains/Toolbox/apps/android-studio/jbr/lib/libzip.so
Event: 0.727 Loaded shared library /home/cooper/.local/share/JetBrains/Toolbox/apps/android-studio/jbr/lib/libnet.so
Event: 1.316 Loaded shared library /home/cooper/.local/share/JetBrains/Toolbox/apps/android-studio/jbr/lib/libjimage.so
Event: 1.994 Loaded shared library /home/cooper/.local/share/JetBrains/Toolbox/apps/android-studio/jbr/lib/libverify.so
Event: 2.068 Loaded shared library /home/cooper/.gradle/native/660c5614fbf4a5f2a75b1949f50a0caf5cd603558e7d8a26e50b933a0cfb79d1/linux-amd64/libnative-platform.so
Event: 2.093 Loaded shared library /home/cooper/.gradle/native/0.2.8/x86_64-linux-gnu/libgradle-fileevents.so
Event: 5.827 Loaded shared library /home/cooper/.local/share/JetBrains/Toolbox/apps/android-studio/jbr/lib/libmanagement.so
Event: 5.829 Loaded shared library /home/cooper/.local/share/JetBrains/Toolbox/apps/android-studio/jbr/lib/libmanagement_ext.so
Event: 6.373 Loaded shared library /home/cooper/.local/share/JetBrains/Toolbox/apps/android-studio/jbr/lib/libextnet.so

Deoptimization events (20 events):
Event: 42.344 Thread 0x00007d3d2c00f8c0 DEOPT PACKING pc=0x00007d3d99af4be8 sp=0x00007d3d435f76b0
Event: 42.344 Thread 0x00007d3d2c00f8c0 DEOPT UNPACKING pc=0x00007d3d9938af99 sp=0x00007d3d435f7678 mode 2
Event: 42.344 Thread 0x00007d3d2c00f8c0 Uncommon trap: trap_request=0xffffffde fr.pc=0x00007d3d99af53f8 relative=0x0000000000000298
Event: 42.344 Thread 0x00007d3d2c00f8c0 Uncommon trap: reason=class_check action=maybe_recompile pc=0x00007d3d99af53f8 method=java.util.concurrent.locks.ReentrantReadWriteLock$Sync.tryAcquireShared(I)I @ 33 c2
Event: 42.344 Thread 0x00007d3d2c00f8c0 DEOPT PACKING pc=0x00007d3d99af53f8 sp=0x00007d3d435f7640
Event: 42.344 Thread 0x00007d3d2c00f8c0 DEOPT UNPACKING pc=0x00007d3d9938af99 sp=0x00007d3d435f75f0 mode 2
Event: 42.403 Thread 0x00007d3d2c00f8c0 Uncommon trap: trap_request=0xffffffde fr.pc=0x00007d3d99af4be8 relative=0x0000000000000288
Event: 42.403 Thread 0x00007d3d2c00f8c0 Uncommon trap: reason=class_check action=maybe_recompile pc=0x00007d3d99af4be8 method=java.util.concurrent.locks.AbstractQueuedSynchronizer.acquireShared(I)V @ 2 c2
Event: 42.403 Thread 0x00007d3d2c00f8c0 DEOPT PACKING pc=0x00007d3d99af4be8 sp=0x00007d3d435f72c0
Event: 42.403 Thread 0x00007d3d2c00f8c0 DEOPT UNPACKING pc=0x00007d3d9938af99 sp=0x00007d3d435f7288 mode 2
Event: 42.403 Thread 0x00007d3d2c00f8c0 Uncommon trap: trap_request=0xffffffde fr.pc=0x00007d3d99af53f8 relative=0x0000000000000298
Event: 42.403 Thread 0x00007d3d2c00f8c0 Uncommon trap: reason=class_check action=maybe_recompile pc=0x00007d3d99af53f8 method=java.util.concurrent.locks.ReentrantReadWriteLock$Sync.tryAcquireShared(I)I @ 33 c2
Event: 42.403 Thread 0x00007d3d2c00f8c0 DEOPT PACKING pc=0x00007d3d99af53f8 sp=0x00007d3d435f7250
Event: 42.403 Thread 0x00007d3d2c00f8c0 DEOPT UNPACKING pc=0x00007d3d9938af99 sp=0x00007d3d435f7200 mode 2
Event: 42.715 Thread 0x00007d3d2c00f8c0 DEOPT PACKING pc=0x00007d3d92705135 sp=0x00007d3d435f7bc0
Event: 42.715 Thread 0x00007d3d2c00f8c0 DEOPT UNPACKING pc=0x00007d3d9938b72f sp=0x00007d3d435f7130 mode 0
Event: 42.782 Thread 0x00007d3d2c00f8c0 Uncommon trap: trap_request=0xffffff45 fr.pc=0x00007d3d99c1fcd4 relative=0x00000000000008b4
Event: 42.782 Thread 0x00007d3d2c00f8c0 Uncommon trap: reason=unstable_if action=reinterpret pc=0x00007d3d99c1fcd4 method=java.lang.ThreadLocal$ThreadLocalMap.set(Ljava/lang/ThreadLocal;Ljava/lang/Object;)V @ 125 c2
Event: 42.782 Thread 0x00007d3d2c00f8c0 DEOPT PACKING pc=0x00007d3d99c1fcd4 sp=0x00007d3d435f6240
Event: 42.782 Thread 0x00007d3d2c00f8c0 DEOPT UNPACKING pc=0x00007d3d9938af99 sp=0x00007d3d435f6178 mode 2

Classes loaded (20 events):
Event: 40.784 Loading class jdk/jfr/FlightRecorder
Event: 40.784 Loading class jdk/jfr/FlightRecorder done
Event: 40.784 Loading class javax/management/NotificationListener
Event: 40.784 Loading class javax/management/NotificationListener done
Event: 40.784 Loading class javax/management/NotificationFilter
Event: 40.784 Loading class javax/management/NotificationFilter done
Event: 40.784 Loading class javax/management/ListenerNotFoundException
Event: 40.785 Loading class javax/management/OperationsException
Event: 40.785 Loading class javax/management/JMException
Event: 40.785 Loading class javax/management/JMException done
Event: 40.785 Loading class javax/management/OperationsException done
Event: 40.785 Loading class javax/management/ListenerNotFoundException done
Event: 40.785 Loading class jdk/management/jfr/FlightRecorderMXBeanImpl$MXBeanListener
Event: 40.785 Loading class jdk/jfr/FlightRecorderListener
Event: 40.785 Loading class jdk/jfr/FlightRecorderListener done
Event: 40.785 Loading class jdk/management/jfr/FlightRecorderMXBeanImpl$MXBeanListener done
Event: 40.838 Loading class com/sun/jmx/mbeanserver/StandardMBeanSupport
Event: 40.839 Loading class com/sun/jmx/mbeanserver/StandardMBeanSupport done
Event: 40.839 Loading class com/sun/jmx/mbeanserver/StandardMBeanIntrospector
Event: 40.839 Loading class com/sun/jmx/mbeanserver/StandardMBeanIntrospector done

Classes unloaded (0 events):
No events

Classes redefined (0 events):
No events

Internal exceptions (20 events):
Event: 40.511 Thread 0x00007d3d2c00f8c0 Exception <a 'java/lang/NoSuchMethodError'{0x0000000086438778}: static Lorg/jetbrains/kotlin/gradle/plugin/internal/DefaultProjectIsolationStartParameterAccessor$Factory;.<clinit>()V> (0x0000000086438778) 
thrown [src/hotspot/share/prims/jni.cpp, line 1144]
Event: 40.516 Thread 0x00007d3d2c00f8c0 Exception <a 'java/lang/NoSuchMethodError'{0x00000000864669b8}: static Lorg/jetbrains/kotlin/gradle/plugin/internal/DefaultCompatibilityConventionRegistrar$Factory;.<clinit>()V> (0x00000000864669b8) 
thrown [src/hotspot/share/prims/jni.cpp, line 1144]
Event: 40.519 Thread 0x00007d3d2c00f8c0 Exception <a 'java/lang/NoSuchMethodError'{0x00000000864872c0}: static Lorg/jetbrains/kotlin/gradle/plugin/internal/DefaultConfigurationCacheStartParameterAccessorVariantFactory;.<clinit>()V> (0x00000000864872c0) 
thrown [src/hotspot/share/prims/jni.cpp, line 1144]
Event: 40.577 Thread 0x00007d3d2c00f8c0 Exception <a 'java/lang/IncompatibleClassChangeError'{0x0000000085f0ab38}: Found class java.lang.Object, but interface was expected> (0x0000000085f0ab38) 
thrown [src/hotspot/share/interpreter/linkResolver.cpp, line 851]
Event: 41.940 Thread 0x00007d3d2c00f8c0 Exception <a 'java/lang/NoSuchMethodError'{0x000000008f8e5168}: 'java.lang.Object java.lang.invoke.DirectMethodHandle$Holder.invokeVirtual(java.lang.Object, java.lang.Object, java.lang.Object, java.lang.Object, java.lang.Object, java.lang.Object, java.lang.Object, java.lang.Object, java.lang.Object, java.lang.Object, java.lang.Object, java.lang.Object, java.lang.Object, java.lang.Object, java.lang.Object, java.lang.Object, java.lang.Object)'> (0x000000008f8e5168) 
thrown [src/hotspot/share/interpreter/link
Event: 41.941 Thread 0x00007d3d2c00f8c0 Exception <a 'java/lang/NoSuchMethodError'{0x000000008f8eba10}: 'java.lang.Object java.lang.invoke.DirectMethodHandle$Holder.invokeSpecial(java.lang.Object, java.lang.Object, java.lang.Object, java.lang.Object, java.lang.Object, java.lang.Object, java.lang.Object, java.lang.Object, java.lang.Object, java.lang.Object, java.lang.Object, java.lang.Object, java.lang.Object, java.lang.Object, java.lang.Object, java.lang.Object, java.lang.Object, java.lang.Object)'> (0x000000008f8eba10) 
thrown [src/hotspot/shar
Event: 41.941 Thread 0x00007d3d2c00f8c0 Exception <a 'java/lang/NoSuchMethodError'{0x000000008f8f1788}: 'java.lang.Object java.lang.invoke.DelegatingMethodHandle$Holder.reinvoke_L(java.lang.Object, java.lang.Object, java.lang.Object, java.lang.Object, java.lang.Object, java.lang.Object, java.lang.Object, java.lang.Object, java.lang.Object, java.lang.Object, java.lang.Object, java.lang.Object, java.lang.Object, java.lang.Object, java.lang.Object, java.lang.Object, java.lang.Object)'> (0x000000008f8f1788) 
thrown [src/hotspot/share/interpreter/lin
Event: 42.155 Thread 0x00007d3d2c00f8c0 Exception <a 'java/lang/ClassNotFoundException'{0x0000000088e9c538}: org/jetbrains/kotlin/gradle/targets/js/npm/DefaultNpmDependencyExtensionBeanInfo> (0x0000000088e9c538) 
thrown [src/hotspot/share/classfile/systemDictionary.cpp, line 312]
Event: 42.156 Thread 0x00007d3d2c00f8c0 Exception <a 'java/lang/ClassNotFoundException'{0x0000000088eb27f8}: org/jetbrains/kotlin/gradle/targets/js/npm/DefaultNpmDependencyExtensionCustomizer> (0x0000000088eb27f8) 
thrown [src/hotspot/share/classfile/systemDictionary.cpp, line 312]
Event: 42.171 Thread 0x00007d3d2c00f8c0 Exception <a 'java/lang/ClassNotFoundException'{0x0000000088d45f98}: org/jetbrains/kotlin/gradle/targets/js/npm/NpmDependencyExtensionKt$defaultNpmDependencyDelegate$1BeanInfo> (0x0000000088d45f98) 
thrown [src/hotspot/share/classfile/systemDictionary.cpp, line 312]
Event: 42.174 Thread 0x00007d3d2c00f8c0 Exception <a 'java/lang/ClassNotFoundException'{0x0000000088d5c548}: org/jetbrains/kotlin/gradle/targets/js/npm/NpmDependencyExtensionDelegateBeanInfo> (0x0000000088d5c548) 
thrown [src/hotspot/share/classfile/systemDictionary.cpp, line 312]
Event: 42.175 Thread 0x00007d3d2c00f8c0 Exception <a 'java/lang/ClassNotFoundException'{0x0000000088d72838}: org/jetbrains/kotlin/gradle/targets/js/npm/NpmDependencyExtensionDelegateCustomizer> (0x0000000088d72838) 
thrown [src/hotspot/share/classfile/systemDictionary.cpp, line 312]
Event: 42.181 Thread 0x00007d3d2c00f8c0 Exception <a 'java/lang/ClassNotFoundException'{0x0000000088dadb78}: org/jetbrains/kotlin/gradle/targets/js/npm/NpmDependencyExtensionKt$defaultNpmDependencyDelegate$1Customizer> (0x0000000088dadb78) 
thrown [src/hotspot/share/classfile/systemDictionary.cpp, line 312]
Event: 42.188 Thread 0x00007d3d2c00f8c0 Exception <a 'java/lang/ClassNotFoundException'{0x0000000088df28f0}: org/jetbrains/kotlin/gradle/targets/js/npm/DefaultDevNpmDependencyExtensionBeanInfo> (0x0000000088df28f0) 
thrown [src/hotspot/share/classfile/systemDictionary.cpp, line 312]
Event: 42.189 Thread 0x00007d3d2c00f8c0 Exception <a 'java/lang/ClassNotFoundException'{0x0000000088c08e40}: org/jetbrains/kotlin/gradle/targets/js/npm/DefaultDevNpmDependencyExtensionCustomizer> (0x0000000088c08e40) 
thrown [src/hotspot/share/classfile/systemDictionary.cpp, line 312]
Event: 42.193 Thread 0x00007d3d2c00f8c0 Exception <a 'java/lang/ClassNotFoundException'{0x0000000088c57380}: org/jetbrains/kotlin/gradle/targets/js/npm/DefaultPeerNpmDependencyExtensionBeanInfo> (0x0000000088c57380) 
thrown [src/hotspot/share/classfile/systemDictionary.cpp, line 312]
Event: 42.195 Thread 0x00007d3d2c00f8c0 Exception <a 'java/lang/ClassNotFoundException'{0x0000000088c6d6f0}: org/jetbrains/kotlin/gradle/targets/js/npm/DefaultPeerNpmDependencyExtensionCustomizer> (0x0000000088c6d6f0) 
thrown [src/hotspot/share/classfile/systemDictionary.cpp, line 312]
Event: 42.200 Thread 0x00007d3d2c00f8c0 Exception <a 'java/lang/ClassNotFoundException'{0x0000000088cbfed0}: org/jetbrains/kotlin/gradle/targets/js/npm/DefaultPeerNpmDependencyExtension$delegate$1BeanInfo> (0x0000000088cbfed0) 
thrown [src/hotspot/share/classfile/systemDictionary.cpp, line 312]
Event: 42.201 Thread 0x00007d3d2c00f8c0 Exception <a 'java/lang/ClassNotFoundException'{0x0000000088cd6760}: org/jetbrains/kotlin/gradle/targets/js/npm/DefaultPeerNpmDependencyExtension$delegate$1Customizer> (0x0000000088cd6760) 
thrown [src/hotspot/share/classfile/systemDictionary.cpp, line 312]
Event: 43.259 Thread 0x00007d3d2c00f8c0 Exception <a 'java/lang/NoSuchMethodError'{0x0000000086c1c820}: 'java.lang.Object java.lang.invoke.DirectMethodHandle$Holder.newInvokeSpecial(java.lang.Object, java.lang.Object, java.lang.Object, java.lang.Object, java.lang.Object, java.lang.Object, java.lang.Object, java.lang.Object, java.lang.Object, java.lang.Object, java.lang.Object, java.lang.Object, java.lang.Object, java.lang.Object)'> (0x0000000086c1c820) 
thrown [src/hotspot/share/interpreter/linkResolver.cpp, line 784]

ZGC Phase Switch (0 events):
No events

VM Operations (20 events):
Event: 38.736 Executing safepoint VM operation: G1PauseRemark
Event: 38.743 Executing safepoint VM operation: G1PauseRemark done
Event: 38.821 Executing safepoint VM operation: G1PauseCleanup
Event: 38.821 Executing safepoint VM operation: G1PauseCleanup done
Event: 39.287 Executing safepoint VM operation: G1CollectForAllocation (G1 Evacuation Pause)
Event: 39.313 Executing safepoint VM operation: G1CollectForAllocation (G1 Evacuation Pause) done
Event: 40.313 Executing safepoint VM operation: Cleanup
Event: 40.314 Executing safepoint VM operation: Cleanup done
Event: 40.752 Executing safepoint VM operation: G1CollectForAllocation (G1 Evacuation Pause)
Event: 40.767 Executing safepoint VM operation: G1CollectForAllocation (G1 Evacuation Pause) done
Event: 41.055 Executing non-safepoint VM operation: HandshakeAllThreads (Deoptimize)
Event: 41.055 Executing non-safepoint VM operation: HandshakeAllThreads (Deoptimize) done
Event: 41.797 Executing safepoint VM operation: G1CollectForAllocation (G1 Evacuation Pause)
Event: 41.816 Executing safepoint VM operation: G1CollectForAllocation (G1 Evacuation Pause) done
Event: 42.086 Executing safepoint VM operation: G1PauseRemark
Event: 42.100 Executing safepoint VM operation: G1PauseRemark done
Event: 42.186 Executing safepoint VM operation: G1PauseCleanup
Event: 42.187 Executing safepoint VM operation: G1PauseCleanup done
Event: 42.603 Executing safepoint VM operation: G1CollectForAllocation (G1 Evacuation Pause)
Event: 42.621 Executing safepoint VM operation: G1CollectForAllocation (G1 Evacuation Pause) done

Memory protections (20 events):
Event: 21.623 Protecting memory [0x00007d3d41600000,0x00007d3d41604000] with protection modes 0
Event: 23.117 Protecting memory [0x00007d3d42600000,0x00007d3d42604000] with protection modes 0
Event: 25.422 Protecting memory [0x00007d3d42600000,0x00007d3d42604000] with protection modes 0
Event: 26.773 Protecting memory [0x00007d3d42600000,0x00007d3d42604000] with protection modes 0
Event: 27.818 Protecting memory [0x00007d3d41500000,0x00007d3d41504000] with protection modes 0
Event: 27.820 Protecting memory [0x00007d3d41400000,0x00007d3d41404000] with protection modes 0
Event: 27.821 Protecting memory [0x00007d3d41300000,0x00007d3d41304000] with protection modes 0
Event: 27.985 Protecting memory [0x00007d3d41200000,0x00007d3d41204000] with protection modes 0
Event: 27.990 Protecting memory [0x00007d3d41100000,0x00007d3d41104000] with protection modes 0
Event: 27.996 Protecting memory [0x00007d3d41000000,0x00007d3d41004000] with protection modes 0
Event: 29.156 Protecting memory [0x00007d3d40f00000,0x00007d3d40f04000] with protection modes 0
Event: 29.160 Protecting memory [0x00007d3d40e00000,0x00007d3d40e04000] with protection modes 0
Event: 29.161 Protecting memory [0x00007d3d40d00000,0x00007d3d40d04000] with protection modes 0
Event: 35.015 Protecting memory [0x00007d3d42600000,0x00007d3d42604000] with protection modes 0
Event: 35.300 Protecting memory [0x00007d3d40c00000,0x00007d3d40c04000] with protection modes 0
Event: 35.995 Protecting memory [0x00007d3d40c00000,0x00007d3d40c04000] with protection modes 0
Event: 37.229 Protecting memory [0x00007d3d40b00000,0x00007d3d40b04000] with protection modes 0
Event: 37.606 Protecting memory [0x00007d3d40a00000,0x00007d3d40a04000] with protection modes 0
Event: 40.878 Protecting memory [0x00007d3d40900000,0x00007d3d40904000] with protection modes 0
Event: 42.583 Protecting memory [0x00007d3d40b00000,0x00007d3d40b04000] with protection modes 0

Nmethod flushes (20 events):
Event: 42.097 Thread 0x00007d3da41a9e00 flushing  nmethod 0x00007d3d9220f010
Event: 42.097 Thread 0x00007d3da41a9e00 flushing  nmethod 0x00007d3d9228c010
Event: 42.097 Thread 0x00007d3da41a9e00 flushing  nmethod 0x00007d3d92290a10
Event: 42.097 Thread 0x00007d3da41a9e00 flushing  nmethod 0x00007d3d92320290
Event: 42.097 Thread 0x00007d3da41a9e00 flushing  nmethod 0x00007d3d92363690
Event: 42.097 Thread 0x00007d3da41a9e00 flushing  nmethod 0x00007d3d923ba990
Event: 42.097 Thread 0x00007d3da41a9e00 flushing  nmethod 0x00007d3d923f1790
Event: 42.097 Thread 0x00007d3da41a9e00 flushing  nmethod 0x00007d3d923f3910
Event: 42.097 Thread 0x00007d3da41a9e00 flushing  nmethod 0x00007d3d9240e010
Event: 42.097 Thread 0x00007d3da41a9e00 flushing  nmethod 0x00007d3d924df510
Event: 42.097 Thread 0x00007d3da41a9e00 flushing  nmethod 0x00007d3d924e8f90
Event: 42.097 Thread 0x00007d3da41a9e00 flushing  nmethod 0x00007d3d9258cc90
Event: 42.097 Thread 0x00007d3da41a9e00 flushing  nmethod 0x00007d3d92613a10
Event: 42.097 Thread 0x00007d3da41a9e00 flushing  nmethod 0x00007d3d92631210
Event: 42.097 Thread 0x00007d3da41a9e00 flushing  nmethod 0x00007d3d926d1610
Event: 42.097 Thread 0x00007d3da41a9e00 flushing  nmethod 0x00007d3d926d4d10
Event: 42.097 Thread 0x00007d3da41a9e00 flushing  nmethod 0x00007d3d926d6910
Event: 42.097 Thread 0x00007d3da41a9e00 flushing  nmethod 0x00007d3d92a55690
Event: 42.097 Thread 0x00007d3da41a9e00 flushing  nmethod 0x00007d3d92b39b10
Event: 42.097 Thread 0x00007d3da41a9e00 flushing  nmethod 0x00007d3d92ba6c90

Events (20 events):
Event: 26.773 Thread 0x00007d3da4285830 Thread added: 0x00007d3d502c1c10
Event: 27.818 Thread 0x00007d3d2c00f8c0 Thread added: 0x00007d3d19a26b00
Event: 27.820 Thread 0x00007d3d2c00f8c0 Thread added: 0x00007d3d19a33280
Event: 27.821 Thread 0x00007d3d2c00f8c0 Thread added: 0x00007d3d19a344e0
Event: 27.985 Thread 0x00007d3d2c00f8c0 Thread added: 0x00007d3d19a35c80
Event: 27.990 Thread 0x00007d3d2c00f8c0 Thread added: 0x00007d3d19a36f40
Event: 27.995 Thread 0x00007d3d2c00f8c0 Thread added: 0x00007d3d19a30590
Event: 29.155 Thread 0x00007d3d2c00f8c0 Thread added: 0x00007d3d19a31d90
Event: 29.159 Thread 0x00007d3d2c00f8c0 Thread added: 0x00007d3d19a2ed50
Event: 29.160 Thread 0x00007d3d2c00f8c0 Thread added: 0x00007d3d19a39de0
Event: 33.213 Thread 0x00007d3d502c1c10 Thread exited: 0x00007d3d502c1c10
Event: 35.008 Thread 0x00007d3d2c00f8c0 Thread added: 0x00007d3d19fc8bf0
Event: 35.300 Thread 0x00007d3da4284170 Thread added: 0x00007d3d4c72cb20
Event: 35.585 Thread 0x00007d3d4c72cb20 Thread exited: 0x00007d3d4c72cb20
Event: 35.995 Thread 0x00007d3d2c00f8c0 Thread added: 0x00007d3d1a0ef670
Event: 37.226 Thread 0x00007d3da4285830 Thread added: 0x00007d3d500e3b30
Event: 37.605 Thread 0x00007d3d2c00f8c0 Thread added: 0x00007d3d1a372fb0
Event: 40.878 Thread 0x00007d3d2c00f8c0 Thread added: 0x00007d3d1a739930
Event: 42.202 Thread 0x00007d3d500e3b30 Thread exited: 0x00007d3d500e3b30
Event: 42.583 Thread 0x00007d3da4284170 Thread added: 0x00007d3d4c6a6a90


Dynamic libraries:
80000000-88100000 rw-p 00000000 00:00 0 
88100000-88700000 ---p 00000000 00:00 0 
88700000-89400000 rw-p 00000000 00:00 0 
89400000-8f800000 ---p 00000000 00:00 0 
8f800000-8fa00000 rw-p 00000000 00:00 0 
8fa00000-ffa00000 ---p 00000000 00:00 0 
ffa00000-100040000 rw-p 00000000 00:00 0 
100040000-1000c0000 rw-p 00000000 00:00 0 
1000c0000-100100000 rw-p 00000000 00:00 0 
100100000-100180000 rw-p 00000000 00:00 0 
100180000-100240000 rw-p 00000000 00:00 0 
100240000-100280000 rw-p 00000000 00:00 0 
100280000-100680000 rw-p 00000000 00:00 0 
100680000-100780000 rw-p 00000000 00:00 0 
100780000-100c80000 rw-p 00000000 00:00 0 
100c80000-100e50000 rw-p 00000000 00:00 0 
100e50000-140000000 ---p 00000000 00:00 0 
64b270e27000-64b270e28000 r--p 00000000 08:03 262657                     /home/cooper/.local/share/JetBrains/Toolbox/apps/android-studio/jbr/bin/java
64b270e28000-64b270e29000 r-xp 00000000 08:03 262657                     /home/cooper/.local/share/JetBrains/Toolbox/apps/android-studio/jbr/bin/java
64b270e29000-64b270e2b000 r--p 00000000 08:03 262657                     /home/cooper/.local/share/JetBrains/Toolbox/apps/android-studio/jbr/bin/java
64b270e2b000-64b270e2c000 rw-p 00001000 08:03 262657                     /home/cooper/.local/share/JetBrains/Toolbox/apps/android-studio/jbr/bin/java
64b28b12c000-64b28c6db000 rw-p 00000000 00:00 0                          [heap]
7d3d04000000-7d3d04700000 rw-p 00000000 00:00 0 
7d3d04700000-7d3d04980000 rw-p 00000000 00:00 0 
7d3d04980000-7d3d04a00000 rw-p 00000000 00:00 0 
7d3d04a00000-7d3d04d80000 rw-p 00000000 00:00 0 
7d3d04d80000-7d3d04e40000 rw-p 00000000 00:00 0 
7d3d04e40000-7d3d04f00000 ---p 00000000 00:00 0 
7d3d04f00000-7d3d05540000 rw-p 00000000 00:00 0 
7d3d05540000-7d3d08000000 ---p 00000000 00:00 0 
7d3d08000000-7d3d08021000 rw-p 00000000 00:00 0 
7d3d08021000-7d3d0c000000 ---p 00000000 00:00 0 
7d3d10000000-7d3d10021000 rw-p 00000000 00:00 0 
7d3d10021000-7d3d14000000 ---p 00000000 00:00 0 
7d3d14000000-7d3d1403a000 rw-p 00000000 00:00 0 
7d3d1403a000-7d3d18000000 ---p 00000000 00:00 0 
7d3d18000000-7d3d1ab51000 rw-p 00000000 00:00 0 
7d3d1ab51000-7d3d1c000000 ---p 00000000 00:00 0 
7d3d1c000000-7d3d1c028000 rw-p 00000000 00:00 0 
7d3d1c028000-7d3d20000000 ---p 00000000 00:00 0 
7d3d20000000-7d3d20056000 rw-p 00000000 00:00 0 
7d3d20056000-7d3d24000000 ---p 00000000 00:00 0 
7d3d24000000-7d3d2402d000 rw-p 00000000 00:00 0 
7d3d2402d000-7d3d28000000 ---p 00000000 00:00 0 
7d3d28000000-7d3d28049000 rw-p 00000000 00:00 0 
7d3d28049000-7d3d2c000000 ---p 00000000 00:00 0 
7d3d2c000000-7d3d2c021000 rw-p 00000000 00:00 0 
7d3d2c021000-7d3d30000000 ---p 00000000 00:00 0 
7d3d30000000-7d3d30f46000 rw-p 00000000 00:00 0 
7d3d30f46000-7d3d34000000 ---p 00000000 00:00 0 
7d3d34000000-7d3d34286000 rw-p 00000000 00:00 0 
7d3d34286000-7d3d38000000 ---p 00000000 00:00 0 
7d3d38000000-7d3d3802f000 rw-p 00000000 00:00 0 
7d3d3802f000-7d3d3c000000 ---p 00000000 00:00 0 
7d3d3c000000-7d3d3c021000 rw-p 00000000 00:00 0 
7d3d3c021000-7d3d40000000 ---p 00000000 00:00 0 
7d3d40676000-7d3d40900000 rw-p 00000000 00:00 0 
7d3d40900000-7d3d40904000 ---p 00000000 00:00 0 
7d3d40904000-7d3d40a00000 rw-p 00000000 00:00 0 
7d3d40a00000-7d3d40a04000 ---p 00000000 00:00 0 
7d3d40a04000-7d3d40b00000 rw-p 00000000 00:00 0 
7d3d40b00000-7d3d40b04000 ---p 00000000 00:00 0 
7d3d40b04000-7d3d40c00000 rw-p 00000000 00:00 0 
7d3d40c00000-7d3d40c04000 ---p 00000000 00:00 0 
7d3d40c04000-7d3d40d00000 rw-p 00000000 00:00 0 
7d3d40d00000-7d3d40d04000 ---p 00000000 00:00 0 
7d3d40d04000-7d3d40e00000 rw-p 00000000 00:00 0 
7d3d40e00000-7d3d40e04000 ---p 00000000 00:00 0 
7d3d40e04000-7d3d40f00000 rw-p 00000000 00:00 0 
7d3d40f00000-7d3d40f04000 ---p 00000000 00:00 0 
7d3d40f04000-7d3d41000000 rw-p 00000000 00:00 0 
7d3d41000000-7d3d41004000 ---p 00000000 00:00 0 
7d3d41004000-7d3d41100000 rw-p 00000000 00:00 0 
7d3d41100000-7d3d41104000 ---p 00000000 00:00 0 
7d3d41104000-7d3d41200000 rw-p 00000000 00:00 0 
7d3d41200000-7d3d41204000 ---p 00000000 00:00 0 
7d3d41204000-7d3d41300000 rw-p 00000000 00:00 0 
7d3d41300000-7d3d41304000 ---p 00000000 00:00 0 
7d3d41304000-7d3d41400000 rw-p 00000000 00:00 0 
7d3d41400000-7d3d41404000 ---p 00000000 00:00 0 
7d3d41404000-7d3d41500000 rw-p 00000000 00:00 0 
7d3d41500000-7d3d41504000 ---p 00000000 00:00 0 
7d3d41504000-7d3d41600000 rw-p 00000000 00:00 0 
7d3d41600000-7d3d41604000 ---p 00000000 00:00 0 
7d3d41604000-7d3d41700000 rw-p 00000000 00:00 0 
7d3d41700000-7d3d41704000 ---p 00000000 00:00 0 
7d3d41704000-7d3d41800000 rw-p 00000000 00:00 0 
7d3d41800000-7d3d41804000 ---p 00000000 00:00 0 
7d3d41804000-7d3d41900000 rw-p 00000000 00:00 0 
7d3d41900000-7d3d41904000 ---p 00000000 00:00 0 
7d3d41904000-7d3d41a00000 rw-p 00000000 00:00 0 
7d3d41a00000-7d3d41a04000 ---p 00000000 00:00 0 
7d3d41a04000-7d3d41b00000 rw-p 00000000 00:00 0 
7d3d41b00000-7d3d41b04000 ---p 00000000 00:00 0 
7d3d41b04000-7d3d41c00000 rw-p 00000000 00:00 0 
7d3d41c00000-7d3d41c04000 ---p 00000000 00:00 0 
7d3d41c04000-7d3d41d00000 rw-p 00000000 00:00 0 
7d3d41d00000-7d3d41d04000 ---p 00000000 00:00 0 
7d3d41d04000-7d3d41e00000 rw-p 00000000 00:00 0 
7d3d41e00000-7d3d41e04000 ---p 00000000 00:00 0 
7d3d41e04000-7d3d41f00000 rw-p 00000000 00:00 0 
7d3d41f00000-7d3d41f04000 ---p 00000000 00:00 0 
7d3d41f04000-7d3d42000000 rw-p 00000000 00:00 0 
7d3d42000000-7d3d42004000 ---p 00000000 00:00 0 
7d3d42004000-7d3d42100000 rw-p 00000000 00:00 0 
7d3d42100000-7d3d42104000 ---p 00000000 00:00 0 
7d3d42104000-7d3d42200000 rw-p 00000000 00:00 0 
7d3d42200000-7d3d42204000 ---p 00000000 00:00 0 
7d3d42204000-7d3d42300000 rw-p 00000000 00:00 0 
7d3d42300000-7d3d42304000 ---p 00000000 00:00 0 
7d3d42304000-7d3d42400000 rw-p 00000000 00:00 0 
7d3d42400000-7d3d42404000 ---p 00000000 00:00 0 
7d3d42404000-7d3d42500000 rw-p 00000000 00:00 0 
7d3d42500000-7d3d42504000 ---p 00000000 00:00 0 
7d3d42504000-7d3d42600000 rw-p 00000000 00:00 0 
7d3d42600000-7d3d42604000 ---p 00000000 00:00 0 
7d3d42604000-7d3d42700000 rw-p 00000000 00:00 0 
7d3d42700000-7d3d42704000 ---p 00000000 00:00 0 
7d3d42704000-7d3d42800000 rw-p 00000000 00:00 0 
7d3d42800000-7d3d42804000 ---p 00000000 00:00 0 
7d3d42804000-7d3d42900000 rw-p 00000000 00:00 0 
7d3d42900000-7d3d42904000 ---p 00000000 00:00 0 
7d3d42904000-7d3d42a00000 rw-p 00000000 00:00 0 
7d3d42a00000-7d3d42a04000 ---p 00000000 00:00 0 
7d3d42a04000-7d3d42b00000 rw-p 00000000 00:00 0 
7d3d42b00000-7d3d42b04000 ---p 00000000 00:00 0 
7d3d42b04000-7d3d42c00000 rw-p 00000000 00:00 0 
7d3d42c00000-7d3d42c04000 ---p 00000000 00:00 0 
7d3d42c04000-7d3d42d00000 rw-p 00000000 00:00 0 
7d3d42d00000-7d3d42d04000 ---p 00000000 00:00 0 
7d3d42d04000-7d3d42e00000 rw-p 00000000 00:00 0 
7d3d42e00000-7d3d42e04000 ---p 00000000 00:00 0 
7d3d42e04000-7d3d42f00000 rw-p 00000000 00:00 0 
7d3d42f00000-7d3d42f04000 ---p 00000000 00:00 0 
7d3d42f04000-7d3d43000000 rw-p 00000000 00:00 0 
7d3d43000000-7d3d43004000 ---p 00000000 00:00 0 
7d3d43004000-7d3d43100000 rw-p 00000000 00:00 0 
7d3d43100000-7d3d43104000 ---p 00000000 00:00 0 
7d3d43104000-7d3d43200000 rw-p 00000000 00:00 0 
7d3d43200000-7d3d43204000 ---p 00000000 00:00 0 
7d3d43204000-7d3d43300000 rw-p 00000000 00:00 0 
7d3d43300000-7d3d43304000 ---p 00000000 00:00 0 
7d3d43304000-7d3d43400000 rw-p 00000000 00:00 0 
7d3d43400000-7d3d43404000 ---p 00000000 00:00 0 
7d3d43404000-7d3d43500000 rw-p 00000000 00:00 0 
7d3d43500000-7d3d43504000 ---p 00000000 00:00 0 
7d3d43504000-7d3d43600000 rw-p 00000000 00:00 0 
7d3d43600000-7d3d43604000 ---p 00000000 00:00 0 
7d3d43604000-7d3d43700000 rw-p 00000000 00:00 0 
7d3d43700000-7d3d43704000 ---p 00000000 00:00 0 
7d3d43704000-7d3d43800000 rw-p 00000000 00:00 0 
7d3d43800000-7d3d43804000 ---p 00000000 00:00 0 
7d3d43804000-7d3d43900000 rw-p 00000000 00:00 0 
7d3d43900000-7d3d43904000 ---p 00000000 00:00 0 
7d3d43904000-7d3d43a00000 rw-p 00000000 00:00 0 
7d3d43a00000-7d3d43a05000 r-xp 00000000 08:03 23215556                   /home/cooper/.gradle/native/660c5614fbf4a5f2a75b1949f50a0caf5cd603558e7d8a26e50b933a0cfb79d1/linux-amd64/libnative-platform.so
7d3d43a05000-7d3d43c05000 ---p 00005000 08:03 23215556                   /home/cooper/.gradle/native/660c5614fbf4a5f2a75b1949f50a0caf5cd603558e7d8a26e50b933a0cfb79d1/linux-amd64/libnative-platform.so
7d3d43c05000-7d3d43c06000 r--p 00005000 08:03 23215556                   /home/cooper/.gradle/native/660c5614fbf4a5f2a75b1949f50a0caf5cd603558e7d8a26e50b933a0cfb79d1/linux-amd64/libnative-platform.so
7d3d43c06000-7d3d43c07000 rw-p 00006000 08:03 23215556                   /home/cooper/.gradle/native/660c5614fbf4a5f2a75b1949f50a0caf5cd603558e7d8a26e50b933a0cfb79d1/linux-amd64/libnative-platform.so
7d3d43cff000-7d3d43d03000 ---p 00000000 00:00 0 
7d3d43d03000-7d3d43dff000 rw-p 00000000 00:00 0 
7d3d43dff000-7d3d43e03000 ---p 00000000 00:00 0 
7d3d43e03000-7d3d43eff000 rw-p 00000000 00:00 0 
7d3d43eff000-7d3d43f00000 ---p 00000000 00:00 0 
7d3d43f00000-7d3d44000000 rw-p 00000000 00:00 0 
7d3d44000000-7d3d44026000 rw-p 00000000 00:00 0 
7d3d44026000-7d3d48000000 ---p 00000000 00:00 0 
7d3d48000000-7d3d483f3000 rw-p 00000000 00:00 0 
7d3d483f3000-7d3d4c000000 ---p 00000000 00:00 0 
7d3d4c000000-7d3d4dd70000 rw-p 00000000 00:00 0 
7d3d4dd70000-7d3d50000000 ---p 00000000 00:00 0 
7d3d50000000-7d3d507e0000 rw-p 00000000 00:00 0 
7d3d507e0000-7d3d54000000 ---p 00000000 00:00 0 
7d3d54000000-7d3d54030000 rw-p 00000000 00:00 0 
7d3d54030000-7d3d58000000 ---p 00000000 00:00 0 
7d3d58000000-7d3d58029000 rw-p 00000000 00:00 0 
7d3d58029000-7d3d5c000000 ---p 00000000 00:00 0 
7d3d5c000000-7d3d5c021000 rw-p 00000000 00:00 0 
7d3d5c021000-7d3d60000000 ---p 00000000 00:00 0 
7d3d60000000-7d3d60021000 rw-p 00000000 00:00 0 
7d3d60021000-7d3d64000000 ---p 00000000 00:00 0 
7d3d64000000-7d3d64021000 rw-p 00000000 00:00 0 
7d3d64021000-7d3d68000000 ---p 00000000 00:00 0 
7d3d68000000-7d3d68021000 rw-p 00000000 00:00 0 
7d3d68021000-7d3d6c000000 ---p 00000000 00:00 0 
7d3d6c000000-7d3d6c500000 rw-p 00000000 00:00 0 
7d3d6c500000-7d3d6c520000 rw-p 00000000 00:00 0 
7d3d6c520000-7d3d6c540000 rw-p 00000000 00:00 0 
7d3d6c540000-7d3d6c580000 rw-p 00000000 00:00 0 
7d3d6c580000-7d3d6c700000 rw-p 00000000 00:00 0 
7d3d6c700000-7d3d6c760000 rw-p 00000000 00:00 0 
7d3d6c760000-7d3d6c780000 rw-p 00000000 00:00 0 
7d3d6c780000-7d3d6c900000 rw-p 00000000 00:00 0 
7d3d6c900000-7d3d6cb00000 rw-p 00000000 00:00 0 
7d3d6cb00000-7d3d6cc00000 rw-p 00000000 00:00 0 
7d3d6cc00000-7d3d6cd00000 rw-p 00000000 00:00 0 
7d3d6cd00000-7d3d6cec0000 rw-p 00000000 00:00 0 
7d3d6cec0000-7d3d6cf00000 rw-p 00000000 00:00 0 
7d3d6cf00000-7d3d6d100000 rw-p 00000000 00:00 0 
7d3d6d100000-7d3d6d200000 rw-p 00000000 00:00 0 
7d3d6d200000-7d3d6d300000 rw-p 00000000 00:00 0 
7d3d6d300000-7d3d6d400000 rw-p 00000000 00:00 0 
7d3d6d400000-7d3d6df00000 rw-p 00000000 00:00 0 
7d3d6df00000-7d3d6e000000 rw-p 00000000 00:00 0 
7d3d6e000000-7d3d6e900000 rw-p 00000000 00:00 0 
7d3d6e900000-7d3d6ea00000 rw-p 00000000 00:00 0 
7d3d6ea00000-7d3d6fb00000 rw-p 00000000 00:00 0 
7d3d6fb00000-7d3d6fc00000 rw-p 00000000 00:00 0 
7d3d6fc00000-7d3d70000000 rw-p 00000000 00:00 0 
7d3d70000000-7d3d70021000 rw-p 00000000 00:00 0 
7d3d70021000-7d3d74000000 ---p 00000000 00:00 0 
7d3d74000000-7d3d74021000 rw-p 00000000 00:00 0 
7d3d74021000-7d3d78000000 ---p 00000000 00:00 0 
7d3d78000000-7d3d78021000 rw-p 00000000 00:00 0 
7d3d78021000-7d3d7c000000 ---p 00000000 00:00 0 
7d3d7c000000-7d3d7c021000 rw-p 00000000 00:00 0 
7d3d7c021000-7d3d80000000 ---p 00000000 00:00 0 
7d3d80000000-7d3d81172000 rw-p 00000000 00:00 0 
7d3d81172000-7d3d84000000 ---p 00000000 00:00 0 
7d3d84000000-7d3d8438b000 rw-p 00000000 00:00 0 
7d3d8438b000-7d3d88000000 ---p 00000000 00:00 0 
7d3d88000000-7d3d886e1000 rw-p 00000000 00:00 0 
7d3d886e1000-7d3d8c000000 ---p 00000000 00:00 0 
7d3d8c06e000-7d3d8c0aa000 r--p 00000000 08:03 23215574                   /home/cooper/.gradle/native/0.2.8/x86_64-linux-gnu/libgradle-fileevents.so
7d3d8c0aa000-7d3d8c0f2000 r-xp 0003b000 08:03 23215574                   /home/cooper/.gradle/native/0.2.8/x86_64-linux-gnu/libgradle-fileevents.so
7d3d8c0f2000-7d3d8c0fb000 r--p 00082000 08:03 23215574                   /home/cooper/.gradle/native/0.2.8/x86_64-linux-gnu/libgradle-fileevents.so
7d3d8c0fb000-7d3d8c0fc000 rw-p 0008a000 08:03 23215574                   /home/cooper/.gradle/native/0.2.8/x86_64-linux-gnu/libgradle-fileevents.so
7d3d8c0fc000-7d3d8c0fe000 rw-p 00000000 00:00 0 
7d3d8c0fe000-7d3d8c0ff000 ---p 00000000 00:00 0 
7d3d8c0ff000-7d3d8c1ff000 rw-p 00000000 00:00 0 
7d3d8c1ff000-7d3d8c200000 ---p 00000000 00:00 0 
7d3d8c200000-7d3d8c300000 rw-p 00000000 00:00 0 
7d3d8c300000-7d3d8c304000 ---p 00000000 00:00 0 
7d3d8c304000-7d3d8c400000 rw-p 00000000 00:00 0 
7d3d8c400000-7d3d8c404000 ---p 00000000 00:00 0 
7d3d8c404000-7d3d8c500000 rw-p 00000000 00:00 0 
7d3d8c500000-7d3d8c504000 ---p 00000000 00:00 0 
7d3d8c504000-7d3d8c600000 rw-p 00000000 00:00 0 
7d3d8c600000-7d3d8c604000 ---p 00000000 00:00 0 
7d3d8c604000-7d3d8c700000 rw-p 00000000 00:00 0 
7d3d8c700000-7d3d8c704000 ---p 00000000 00:00 0 
7d3d8c704000-7d3d8c800000 rw-p 00000000 00:00 0 
7d3d8c800000-7d3d8c804000 ---p 00000000 00:00 0 
7d3d8c804000-7d3d8c900000 rw-p 00000000 00:00 0 
7d3d8c900000-7d3d8c904000 ---p 00000000 00:00 0 
7d3d8c904000-7d3d8ca00000 rw-p 00000000 00:00 0 
7d3d8ca00000-7d3d8ca04000 ---p 00000000 00:00 0 
7d3d8ca04000-7d3d8cb00000 rw-p 00000000 00:00 0 
7d3d8cb00000-7d3d8cb04000 ---p 00000000 00:00 0 
7d3d8cb04000-7d3d8cc00000 rw-p 00000000 00:00 0 
7d3d8cc00000-7d3d8d175000 r--p 00000000 08:01 133700                     /usr/lib/locale/locale-archive
7d3d8d1df000-7d3d8d1e0000 ---p 00000000 00:00 0 
7d3d8d1e0000-7d3d8d2e0000 rw-p 00000000 00:00 0 
7d3d8d2e0000-7d3d8d2e1000 ---p 00000000 00:00 0 
7d3d8d2e1000-7d3d8d3e1000 rw-p 00000000 00:00 0 
7d3d8d3e1000-7d3d8d4fb000 rw-p 00000000 00:00 0 
7d3d8d4fb000-7d3d8d4fc000 ---p 00000000 00:00 0 
7d3d8d4fc000-7d3d8d5fc000 rw-p 00000000 00:00 0 
7d3d8d5fc000-7d3d8d5fd000 ---p 00000000 00:00 0 
7d3d8d5fd000-7d3d8d6fd000 rw-p 00000000 00:00 0 
7d3d8d6fd000-7d3d8fc04000 rw-p 00000000 00:00 0 
7d3d8fc04000-7d3d8fc1c000 ---p 00000000 00:00 0 
7d3d8fc1c000-7d3d8fc50000 rw-p 00000000 00:00 0 
7d3d8fc50000-7d3d8fde0000 ---p 00000000 00:00 0 
7d3d8fde0000-7d3d8fde8000 rw-p 00000000 00:00 0 
7d3d8fde8000-7d3d919e8000 ---p 00000000 00:00 0 
7d3d919e8000-7d3d91a41000 rw-p 00000000 00:00 0 
7d3d91a41000-7d3d91a43000 ---p 00000000 00:00 0 
7d3d91a43000-7d3d91a4a000 rw-p 00000000 00:00 0 
7d3d91a4a000-7d3d91a7c000 ---p 00000000 00:00 0 
7d3d91a7c000-7d3d91a7d000 rw-p 00000000 00:00 0 
7d3d91a7d000-7d3d91dfd000 ---p 00000000 00:00 0 
7d3d91dfd000-7d3d91e00000 rw-p 00000000 00:00 0 
7d3d91e00000-7d3d92da0000 rwxp 00000000 00:00 0 
7d3d92da0000-7d3d99337000 ---p 00000000 00:00 0 
7d3d99337000-7d3d995a7000 rwxp 00000000 00:00 0 
7d3d995a7000-7d3d998c8000 ---p 00000000 00:00 0 
7d3d998c8000-7d3d99dd8000 rwxp 00000000 00:00 0 
7d3d99dd8000-7d3da0e00000 ---p 00000000 00:00 0 
7d3da0e00000-7d3da3f80000 r--s 00000000 08:03 262530                     /home/cooper/.local/share/JetBrains/Toolbox/apps/android-studio/jbr/lib/modules
7d3da4000000-7d3da564f000 rw-p 00000000 00:00 0 
7d3da564f000-7d3da8000000 ---p 00000000 00:00 0 
7d3da8021000-7d3da81fe000 rw-p 00000000 00:00 0 
7d3da81fe000-7d3da81ff000 ---p 00000000 00:00 0 
7d3da81ff000-7d3da82ff000 rw-p 00000000 00:00 0 
7d3da82ff000-7d3da8300000 ---p 00000000 00:00 0 
7d3da8300000-7d3da8400000 rw-p 00000000 00:00 0 
7d3da8400000-7d3da8441000 rw-p 00000000 00:00 0 
7d3da8441000-7d3da8443000 ---p 00000000 00:00 0 
7d3da8443000-7d3da844a000 rw-p 00000000 00:00 0 
7d3da844a000-7d3da847c000 ---p 00000000 00:00 0 
7d3da847c000-7d3da847d000 rw-p 00000000 00:00 0 
7d3da847d000-7d3da87fd000 ---p 00000000 00:00 0 
7d3da87fd000-7d3da8800000 rw-p 00000000 00:00 0 
7d3da880f000-7d3da8816000 r--s 00000000 08:01 133588                     /usr/lib/x86_64-linux-gnu/gconv/gconv-modules.cache
7d3da8816000-7d3da8819000 r--p 00000000 08:03 262601                     /home/cooper/.local/share/JetBrains/Toolbox/apps/android-studio/jbr/lib/libmanagement_ext.so
7d3da8819000-7d3da881c000 r-xp 00002000 08:03 262601                     /home/cooper/.local/share/JetBrains/Toolbox/apps/android-studio/jbr/lib/libmanagement_ext.so
7d3da881c000-7d3da881d000 r--p 00004000 08:03 262601                     /home/cooper/.local/share/JetBrains/Toolbox/apps/android-studio/jbr/lib/libmanagement_ext.so
7d3da881d000-7d3da881e000 rw-p 00004000 08:03 262601                     /home/cooper/.local/share/JetBrains/Toolbox/apps/android-studio/jbr/lib/libmanagement_ext.so
7d3da881e000-7d3da8821000 r--p 00000000 08:03 262610                     /home/cooper/.local/share/JetBrains/Toolbox/apps/android-studio/jbr/lib/libmanagement.so
7d3da8821000-7d3da8823000 r-xp 00002000 08:03 262610                     /home/cooper/.local/share/JetBrains/Toolbox/apps/android-studio/jbr/lib/libmanagement.so
7d3da8823000-7d3da8824000 r--p 00003000 08:03 262610                     /home/cooper/.local/share/JetBrains/Toolbox/apps/android-studio/jbr/lib/libmanagement.so
7d3da8824000-7d3da8825000 rw-p 00003000 08:03 262610                     /home/cooper/.local/share/JetBrains/Toolbox/apps/android-studio/jbr/lib/libmanagement.so
7d3da8825000-7d3da8826000 ---p 00000000 00:00 0 
7d3da8826000-7d3da8926000 rw-p 00000000 00:00 0 
7d3da8926000-7d3da8d35000 rw-p 00000000 00:00 0 
7d3da8d35000-7d3da8e15000 ---p 00000000 00:00 0 
7d3da8e15000-7d3da8e35000 rw-p 00000000 00:00 0 
7d3da8e35000-7d3da8f00000 ---p 00000000 00:00 0 
7d3da8f00000-7d3da8f04000 ---p 00000000 00:00 0 
7d3da8f04000-7d3da9000000 rw-p 00000000 00:00 0 
7d3da9000000-7d3da955c000 r--p 00000000 08:03 262616                     /home/cooper/.local/share/JetBrains/Toolbox/apps/android-studio/jbr/lib/server/libjvm.so
7d3da955c000-7d3daa0e4000 r-xp 0055b000 08:03 262616                     /home/cooper/.local/share/JetBrains/Toolbox/apps/android-studio/jbr/lib/server/libjvm.so
7d3daa0e4000-7d3daa1b1000 r--p 010e2000 08:03 262616                     /home/cooper/.local/share/JetBrains/Toolbox/apps/android-studio/jbr/lib/server/libjvm.so
7d3daa1b1000-7d3daa1d4000 rw-p 011ae000 08:03 262616                     /home/cooper/.local/share/JetBrains/Toolbox/apps/android-studio/jbr/lib/server/libjvm.so
7d3daa1d4000-7d3daa24c000 rw-p 00000000 00:00 0 
7d3daa24d000-7d3daa24f000 r--p 00000000 08:03 262519                     /home/cooper/.local/share/JetBrains/Toolbox/apps/android-studio/jbr/lib/libextnet.so
7d3daa24f000-7d3daa250000 r-xp 00001000 08:03 262519                     /home/cooper/.local/share/JetBrains/Toolbox/apps/android-studio/jbr/lib/libextnet.so
7d3daa250000-7d3daa251000 r--p 00001000 08:03 262519                     /home/cooper/.local/share/JetBrains/Toolbox/apps/android-studio/jbr/lib/libextnet.so
7d3daa251000-7d3daa252000 rw-p 00001000 08:03 262519                     /home/cooper/.local/share/JetBrains/Toolbox/apps/android-studio/jbr/lib/libextnet.so
7d3daa252000-7d3daa258000 r--p 00000000 08:03 262608                     /home/cooper/.local/share/JetBrains/Toolbox/apps/android-studio/jbr/lib/libverify.so
7d3daa258000-7d3daa260000 r-xp 00005000 08:03 262608                     /home/cooper/.local/share/JetBrains/Toolbox/apps/android-studio/jbr/lib/libverify.so
7d3daa260000-7d3daa262000 r--p 0000c000 08:03 262608                     /home/cooper/.local/share/JetBrains/Toolbox/apps/android-studio/jbr/lib/libverify.so
7d3daa262000-7d3daa263000 rw-p 0000d000 08:03 262608                     /home/cooper/.local/share/JetBrains/Toolbox/apps/android-studio/jbr/lib/libverify.so
7d3daa263000-7d3daa267000 r--p 00000000 08:03 262516                     /home/cooper/.local/share/JetBrains/Toolbox/apps/android-studio/jbr/lib/libnet.so
7d3daa267000-7d3daa26f000 r-xp 00003000 08:03 262516                     /home/cooper/.local/share/JetBrains/Toolbox/apps/android-studio/jbr/lib/libnet.so
7d3daa26f000-7d3daa270000 r--p 0000a000 08:03 262516                     /home/cooper/.local/share/JetBrains/Toolbox/apps/android-studio/jbr/lib/libnet.so
7d3daa270000-7d3daa271000 rw-p 0000a000 08:03 262516                     /home/cooper/.local/share/JetBrains/Toolbox/apps/android-studio/jbr/lib/libnet.so
7d3daa271000-7d3daa27a000 r--p 00000000 08:03 262620                     /home/cooper/.local/share/JetBrains/Toolbox/apps/android-studio/jbr/lib/libzip.so
7d3daa27a000-7d3daa28f000 r-xp 00008000 08:03 262620                     /home/cooper/.local/share/JetBrains/Toolbox/apps/android-studio/jbr/lib/libzip.so
7d3daa28f000-7d3daa290000 r--p 0001c000 08:03 262620                     /home/cooper/.local/share/JetBrains/Toolbox/apps/android-studio/jbr/lib/libzip.so
7d3daa290000-7d3daa291000 rw-p 0001c000 08:03 262620                     /home/cooper/.local/share/JetBrains/Toolbox/apps/android-studio/jbr/lib/libzip.so
7d3daa291000-7d3daa317000 rw-p 00000000 00:00 0 
7d3daa317000-7d3daa327000 r--p 00000000 08:01 133633                     /usr/lib/x86_64-linux-gnu/libm.so.6
7d3daa327000-7d3daa3a6000 r-xp 00010000 08:01 133633                     /usr/lib/x86_64-linux-gnu/libm.so.6
7d3daa3a6000-7d3daa3fe000 r--p 0008f000 08:01 133633                     /usr/lib/x86_64-linux-gnu/libm.so.6
7d3daa3fe000-7d3daa3ff000 r--p 000e7000 08:01 133633                     /usr/lib/x86_64-linux-gnu/libm.so.6
7d3daa3ff000-7d3daa400000 rw-p 000e8000 08:01 133633                     /usr/lib/x86_64-linux-gnu/libm.so.6
7d3daa400000-7d3daa428000 r--p 00000000 08:01 133630                     /usr/lib/x86_64-linux-gnu/libc.so.6
7d3daa428000-7d3daa5b0000 r-xp 00028000 08:01 133630                     /usr/lib/x86_64-linux-gnu/libc.so.6
7d3daa5b0000-7d3daa5ff000 r--p 001b0000 08:01 133630                     /usr/lib/x86_64-linux-gnu/libc.so.6
7d3daa5ff000-7d3daa603000 r--p 001fe000 08:01 133630                     /usr/lib/x86_64-linux-gnu/libc.so.6
7d3daa603000-7d3daa605000 rw-p 00202000 08:01 133630                     /usr/lib/x86_64-linux-gnu/libc.so.6
7d3daa605000-7d3daa612000 rw-p 00000000 00:00 0 
7d3daa613000-7d3daa61e000 r--p 00000000 08:03 262526                     /home/cooper/.local/share/JetBrains/Toolbox/apps/android-studio/jbr/lib/libnio.so
7d3daa61e000-7d3daa627000 r-xp 0000a000 08:03 262526                     /home/cooper/.local/share/JetBrains/Toolbox/apps/android-studio/jbr/lib/libnio.so
7d3daa627000-7d3daa628000 r--p 00012000 08:03 262526                     /home/cooper/.local/share/JetBrains/Toolbox/apps/android-studio/jbr/lib/libnio.so
7d3daa628000-7d3daa629000 rw-p 00012000 08:03 262526                     /home/cooper/.local/share/JetBrains/Toolbox/apps/android-studio/jbr/lib/libnio.so
7d3daa629000-7d3daa62e000 rw-p 00000000 00:00 0 
7d3daa62e000-7d3daa635000 ---p 00000000 00:00 0 
7d3daa635000-7d3daa63d000 rw-s 00000000 08:01 1197183                    /tmp/hsperfdata_cooper/15986
7d3daa63d000-7d3daa64f000 r--p 00000000 08:03 262606                     /home/cooper/.local/share/JetBrains/Toolbox/apps/android-studio/jbr/lib/libjava.so
7d3daa64f000-7d3daa65e000 r-xp 00011000 08:03 262606                     /home/cooper/.local/share/JetBrains/Toolbox/apps/android-studio/jbr/lib/libjava.so
7d3daa65e000-7d3daa65f000 r--p 0001f000 08:03 262606                     /home/cooper/.local/share/JetBrains/Toolbox/apps/android-studio/jbr/lib/libjava.so
7d3daa65f000-7d3daa661000 rw-p 0001f000 08:03 262606                     /home/cooper/.local/share/JetBrains/Toolbox/apps/android-studio/jbr/lib/libjava.so
7d3daa661000-7d3daa66c000 r--p 00000000 08:03 262621                     /home/cooper/.local/share/JetBrains/Toolbox/apps/android-studio/jbr/lib/libjimage.so
7d3daa66c000-7d3daa680000 r-xp 0000a000 08:03 262621                     /home/cooper/.local/share/JetBrains/Toolbox/apps/android-studio/jbr/lib/libjimage.so
7d3daa680000-7d3daa682000 r--p 0001d000 08:03 262621                     /home/cooper/.local/share/JetBrains/Toolbox/apps/android-studio/jbr/lib/libjimage.so
7d3daa682000-7d3daa683000 rw-p 0001e000 08:03 262621                     /home/cooper/.local/share/JetBrains/Toolbox/apps/android-studio/jbr/lib/libjimage.so
7d3daa683000-7d3daa684000 rw-p 00000000 00:00 0 
7d3daa684000-7d3daa685000 r--p 00000000 08:01 133644                     /usr/lib/x86_64-linux-gnu/librt.so.1
7d3daa685000-7d3daa686000 r-xp 00001000 08:01 133644                     /usr/lib/x86_64-linux-gnu/librt.so.1
7d3daa686000-7d3daa687000 r--p 00002000 08:01 133644                     /usr/lib/x86_64-linux-gnu/librt.so.1
7d3daa687000-7d3daa688000 r--p 00002000 08:01 133644                     /usr/lib/x86_64-linux-gnu/librt.so.1
7d3daa688000-7d3daa689000 rw-p 00003000 08:01 133644                     /usr/lib/x86_64-linux-gnu/librt.so.1
7d3daa689000-7d3daa68b000 rw-p 00000000 00:00 0 
7d3daa68b000-7d3daa68c000 r--p 00000000 08:01 133632                     /usr/lib/x86_64-linux-gnu/libdl.so.2
7d3daa68c000-7d3daa68d000 r-xp 00001000 08:01 133632                     /usr/lib/x86_64-linux-gnu/libdl.so.2
7d3daa68d000-7d3daa68e000 r--p 00002000 08:01 133632                     /usr/lib/x86_64-linux-gnu/libdl.so.2
7d3daa68e000-7d3daa68f000 r--p 00002000 08:01 133632                     /usr/lib/x86_64-linux-gnu/libdl.so.2
7d3daa68f000-7d3daa690000 rw-p 00003000 08:01 133632                     /usr/lib/x86_64-linux-gnu/libdl.so.2
7d3daa690000-7d3daa691000 r--p 00000000 08:01 133642                     /usr/lib/x86_64-linux-gnu/libpthread.so.0
7d3daa691000-7d3daa692000 r-xp 00001000 08:01 133642                     /usr/lib/x86_64-linux-gnu/libpthread.so.0
7d3daa692000-7d3daa693000 r--p 00002000 08:01 133642                     /usr/lib/x86_64-linux-gnu/libpthread.so.0
7d3daa693000-7d3daa694000 r--p 00002000 08:01 133642                     /usr/lib/x86_64-linux-gnu/libpthread.so.0
7d3daa694000-7d3daa695000 rw-p 00003000 08:01 133642                     /usr/lib/x86_64-linux-gnu/libpthread.so.0
7d3daa696000-7d3daa69a000 r--p 00000000 08:03 262607                     /home/cooper/.local/share/JetBrains/Toolbox/apps/android-studio/jbr/lib/libinstrument.so
7d3daa69a000-7d3daa6a1000 r-xp 00003000 08:03 262607                     /home/cooper/.local/share/JetBrains/Toolbox/apps/android-studio/jbr/lib/libinstrument.so
7d3daa6a1000-7d3daa6a2000 r--p 00009000 08:03 262607                     /home/cooper/.local/share/JetBrains/Toolbox/apps/android-studio/jbr/lib/libinstrument.so
7d3daa6a2000-7d3daa6a3000 rw-p 00009000 08:03 262607                     /home/cooper/.local/share/JetBrains/Toolbox/apps/android-studio/jbr/lib/libinstrument.so
7d3daa6a3000-7d3daa6a4000 ---p 00000000 00:00 0 
7d3daa6a4000-7d3daa6a5000 r--p 00000000 00:00 0 
7d3daa6a5000-7d3daa6a6000 ---p 00000000 00:00 0 
7d3daa6a6000-7d3daa6af000 r--p 00000000 08:03 262629                     /home/cooper/.local/share/JetBrains/Toolbox/apps/android-studio/jbr/lib/libjli.so
7d3daa6af000-7d3daa6be000 r-xp 00008000 08:03 262629                     /home/cooper/.local/share/JetBrains/Toolbox/apps/android-studio/jbr/lib/libjli.so
7d3daa6be000-7d3daa6bf000 r--p 00016000 08:03 262629                     /home/cooper/.local/share/JetBrains/Toolbox/apps/android-studio/jbr/lib/libjli.so
7d3daa6bf000-7d3daa6c0000 rw-p 00016000 08:03 262629                     /home/cooper/.local/share/JetBrains/Toolbox/apps/android-studio/jbr/lib/libjli.so
7d3daa6c0000-7d3daa6c2000 rw-p 00000000 00:00 0 
7d3daa6c2000-7d3daa6c6000 r--p 00000000 00:00 0                          [vvar]
7d3daa6c6000-7d3daa6c8000 r--p 00000000 00:00 0                          [vvar_vclock]
7d3daa6c8000-7d3daa6ca000 r-xp 00000000 00:00 0                          [vdso]
7d3daa6ca000-7d3daa6cb000 r--p 00000000 08:01 133627                     /usr/lib/x86_64-linux-gnu/ld-linux-x86-64.so.2
7d3daa6cb000-7d3daa6f6000 r-xp 00001000 08:01 133627                     /usr/lib/x86_64-linux-gnu/ld-linux-x86-64.so.2
7d3daa6f6000-7d3daa700000 r--p 0002c000 08:01 133627                     /usr/lib/x86_64-linux-gnu/ld-linux-x86-64.so.2
7d3daa700000-7d3daa702000 r--p 00036000 08:01 133627                     /usr/lib/x86_64-linux-gnu/ld-linux-x86-64.so.2
7d3daa702000-7d3daa704000 rw-p 00038000 08:01 133627                     /usr/lib/x86_64-linux-gnu/ld-linux-x86-64.so.2
7ffde7e75000-7ffde7e96000 rw-p 00000000 00:00 0                          [stack]
ffffffffff600000-ffffffffff601000 --xp 00000000 00:00 0                  [vsyscall]
Total number of mappings: 398

JVMTI agents:
/home/cooper/.gradle/wrapper/dists/gradle-9.3.1-bin/23ovyewtku6u96viwx3xl3oks/gradle-9.3.1/lib/agents/gradle-instrumentation-agent-9.3.1.jar path:none, loaded, initialized, instrumentlib options:none


VM Arguments:
jvm_args: --add-opens=java.base/java.lang=ALL-UNNAMED --add-opens=java.base/java.lang.invoke=ALL-UNNAMED --add-opens=java.base/java.util=ALL-UNNAMED --add-opens=java.prefs/java.util.prefs=ALL-UNNAMED --add-exports=jdk.compiler/com.sun.tools.javac.api=ALL-UNNAMED --add-exports=jdk.compiler/com.sun.tools.javac.util=ALL-UNNAMED --add-opens=java.base/java.util=ALL-UNNAMED --add-opens=java.prefs/java.util.prefs=ALL-UNNAMED --add-opens=java.base/java.nio.charset=ALL-UNNAMED --add-opens=java.base/java.net=ALL-UNNAMED --add-opens=java.base/java.util.concurrent=ALL-UNNAMED --add-opens=java.base/java.util.concurrent.atomic=ALL-UNNAMED --add-opens=java.xml/javax.xml.namespace=ALL-UNNAMED --add-opens=java.base/java.time=ALL-UNNAMED -Xmx2048m -Dfile.encoding=UTF-8 -Duser.country=US -Duser.language=en -Duser.variant -javaagent:/home/cooper/.gradle/wrapper/dists/gradle-9.3.1-bin/23ovyewtku6u96viwx3xl3oks/gradle-9.3.1/lib/agents/gradle-instrumentation-agent-9.3.1.jar -Dawt.toolkit.name=XToolkit 
java_command: org.gradle.launcher.daemon.bootstrap.GradleDaemon 9.3.1
java_class_path (initial): /home/cooper/.gradle/wrapper/dists/gradle-9.3.1-bin/23ovyewtku6u96viwx3xl3oks/gradle-9.3.1/lib/gradle-daemon-main-9.3.1.jar
Launcher Type: SUN_STANDARD

[Global flags]
     intx CICompilerCount                          = 3                                         {product} {ergonomic}
     uint ConcGCThreads                            = 1                                         {product} {ergonomic}
     uint G1ConcRefinementThreads                  = 4                                         {product} {ergonomic}
   size_t G1HeapRegionSize                         = 1048576                                   {product} {ergonomic}
    uintx GCDrainStackTargetSize                   = 64                                        {product} {ergonomic}
   size_t InitialHeapSize                          = 262144000                                 {product} {ergonomic}
   size_t MarkStackSize                            = 4194304                                   {product} {ergonomic}
   size_t MaxHeapSize                              = 2147483648                                {product} {command line}
   size_t MaxNewSize                               = 1287651328                                {product} {ergonomic}
   size_t MinHeapDeltaBytes                        = 1048576                                   {product} {ergonomic}
   size_t MinHeapSize                              = 8388608                                   {product} {ergonomic}
    uintx NonNMethodCodeHeapSize                   = 5832780                                {pd product} {ergonomic}
    uintx NonProfiledCodeHeapSize                  = 122912730                              {pd product} {ergonomic}
    uintx ProfiledCodeHeapSize                     = 122912730                              {pd product} {ergonomic}
    uintx ReservedCodeCacheSize                    = 251658240                              {pd product} {ergonomic}
     bool SegmentedCodeCache                       = true                                      {product} {ergonomic}
   size_t SoftMaxHeapSize                          = 2147483648                             {manageable} {ergonomic}
     bool UseCompressedOops                        = true                           {product lp64_product} {ergonomic}
     bool UseG1GC                                  = true                                      {product} {ergonomic}

Logging:
Log output configuration:
 #0: stdout all=warning uptime,level,tags foldmultilines=false
 #1: stderr all=off uptime,level,tags foldmultilines=false

Release file:
JAVA_VERSION="21.0.10"
MODULES="java.base java.compiler java.datatransfer java.xml java.prefs java.desktop java.instrument java.logging java.management java.security.sasl java.naming java.rmi java.management.rmi java.net.http java.scripting java.security.jgss java.transaction.xa java.sql java.sql.rowset java.xml.crypto java.se java.smartcardio jdk.accessibility jdk.internal.jvmstat jdk.attach jdk.charsets jdk.internal.opt jdk.zipfs jdk.compiler jdk.crypto.ec jdk.crypto.cryptoki jdk.dynalink jdk.hotspot.agent jdk.httpserver jdk.internal.ed jdk.internal.le jdk.internal.vm.ci jdk.jartool jdk.javadoc jdk.jcmd jdk.jdeps jdk.jdwp.agent jdk.jdi jdk.jfr jdk.jlink jdk.jsobject jdk.localedata jdk.management jdk.management.agent jdk.management.jfr jdk.naming.dns jdk.naming.rmi jdk.net jdk.sctp jdk.security.auth jdk.security.jgss jdk.unsupported jdk.unsupported.desktop jdk.xml.dom"
IMPLEMENTOR="JetBrains s.r.o."
JAVA_RUNTIME_VERSION="21.0.10+-14961533-b1163.108"
LIBC="gnu"
OS_ARCH="x86_64"
OS_NAME="Linux"
SOURCE=".:git:1351622c2ff2"

Environment Variables:
PATH=/usr/local/sbin:/usr/local/bin:/usr/sbin:/usr/bin:/sbin:/bin:/usr/games:/usr/local/games:/snap/bin:/snap/bin:/home/cooper/.local/share/JetBrains/Toolbox/scripts
USERNAME=cooper
SHELL=/bin/bash
DISPLAY=:0
WAYLAND_DISPLAY=wayland-0
LANG=en_US.UTF-8

Active Locale:
LC_ALL=en_US.UTF-8
LC_COLLATE=en_US.UTF-8
LC_CTYPE=en_US.UTF-8
LC_MESSAGES=en_US.UTF-8
LC_MONETARY=en_US.UTF-8
LC_NUMERIC=en_US.UTF-8
LC_TIME=en_US.UTF-8

Signal Handlers:
   SIGSEGV: crash_handler in libjvm.so, mask=11100100010111111101111111111110, flags=SA_RESTART|SA_SIGINFO, unblocked
    SIGBUS: crash_handler in libjvm.so, mask=11100100010111111101111111111110, flags=SA_RESTART|SA_SIGINFO, unblocked
    SIGFPE: crash_handler in libjvm.so, mask=11100100010111111101111111111110, flags=SA_RESTART|SA_SIGINFO, unblocked
   SIGPIPE: javaSignalHandler in libjvm.so, mask=11100100010111111101111111111110, flags=SA_RESTART|SA_SIGINFO, blocked
   SIGXFSZ: javaSignalHandler in libjvm.so, mask=11100100010111111101111111111110, flags=SA_RESTART|SA_SIGINFO, blocked
    SIGILL: crash_handler in libjvm.so, mask=11100100010111111101111111111110, flags=SA_RESTART|SA_SIGINFO, unblocked
   SIGUSR2: SR_handler in libjvm.so, mask=00000000000000000000000000000000, flags=SA_RESTART|SA_SIGINFO, blocked
    SIGHUP: UserHandler in libjvm.so, mask=11100100010111111101111111111110, flags=SA_RESTART|SA_SIGINFO, blocked
    SIGINT: UserHandler in libjvm.so, mask=11100100010111111101111111111110, flags=SA_RESTART|SA_SIGINFO, blocked
   SIGTERM: UserHandler in libjvm.so, mask=11100100010111111101111111111110, flags=SA_RESTART|SA_SIGINFO, blocked
   SIGQUIT: UserHandler in libjvm.so, mask=11100100010111111101111111111110, flags=SA_RESTART|SA_SIGINFO, blocked
   SIGTRAP: crash_handler in libjvm.so, mask=11100100010111111101111111111110, flags=SA_RESTART|SA_SIGINFO, unblocked


Periodic native trim disabled

JNI global refs:
JNI global refs: 31, weak refs: 0

JNI global refs memory usage: 859, weak refs: 857

Process memory usage:
Resident Set Size: 487348K (2% of 16287256K total physical memory with 4043524K free physical memory)

OOME stack traces (most recent first):
Classloader memory used:
Loader org.gradle.internal.classloader.VisitableURLClassLoader                         : 41267K
Loader bootstrap                                                                       : 26590K
Loader org.gradle.internal.classloader.VisitableURLClassLoader$InstrumentingVisitableURLClassLoader: 18376K
Loader org.gradle.initialization.MixInLegacyTypesClassLoader                           : 12081K
Loader org.gradle.internal.classloader.VisitableURLClassLoader                         : 235K
Loader jdk.internal.loader.ClassLoaders$AppClassLoader                                 : 226K
Loader jdk.internal.reflect.DelegatingClassLoader                                      : 209K
Loader org.gradle.groovy.scripts.internal.DefaultScriptCompilationHandler$ScriptClassLoader: 120K
Loader jdk.internal.loader.ClassLoaders$PlatformClassLoader                            : 40832B

Classes loaded by more than one classloader:
Class Program                                                                         : loaded 5 times (x 72B)
Class Build_gradle                                                                    : loaded 3 times (x 126B)
Class com.google.common.base.Equivalence$Identity                                     : loaded 2 times (x 82B)
Class com.google.common.base.PairwiseEquivalence                                      : loaded 2 times (x 83B)
Class com.google.common.collect.RegularImmutableMap$KeySet                            : loaded 2 times (x 152B)
Class org.gradle.internal.classloader.FilteringClassLoader                            : loaded 2 times (x 105B)
Class com.google.common.base.CharMatcher$IsEither                                     : loaded 2 times (x 111B)
Class org.gradle.internal.classloader.ClassLoaderHierarchy                            : loaded 2 times (x 70B)
Class com.google.common.collect.ImmutableEnumSet                                      : loaded 2 times (x 146B)
Class com.google.common.util.concurrent.ExecutionError                                : loaded 2 times (x 82B)
Class com.google.common.collect.ImmutableList$1                                       : loaded 2 times (x 97B)
Class org.gradle.api.internal.classpath.ManifestUtil                                  : loaded 2 times (x 71B)
Class com.google.common.collect.RegularImmutableMap                                   : loaded 2 times (x 121B)
Class com.google.common.collect.ImmutableMap$MapViewOfValuesAsSingletonSets           : loaded 2 times (x 126B)
Class [Lorg.objectweb.asm.Symbol;                                                     : loaded 2 times (x 69B)
Class org.objectweb.asm.ClassVisitor                                                  : loaded 2 times (x 88B)
Class com.google.common.collect.UnmodifiableListIterator                              : loaded 2 times (x 95B)
Class org.objectweb.asm.MethodTooLargeException                                       : loaded 2 times (x 83B)
Class [Lcom.google.common.cache.CacheBuilder$OneWeigher;                              : loaded 2 times (x 69B)
Class com.google.common.base.Suppliers                                                : loaded 2 times (x 71B)
Class org.gradle.internal.classloader.DefaultClassLoaderFactory                       : loaded 2 times (x 82B)
Class org.gradle.internal.classloader.ClassLoaderVisitor                              : loaded 2 times (x 76B)
Class [Lcom.google.common.collect.ImmutableMapEntry;                                  : loaded 2 times (x 69B)
Class org.gradle.api.internal.classpath.EffectiveClassPath                            : loaded 2 times (x 90B)
Class com.google.common.collect.ImmutableRangeSet                                     : loaded 2 times (x 115B)
Class com.google.common.collect.ListMultimap                                          : loaded 2 times (x 70B)
Class com.google.common.collect.ImmutableEnumMap                                      : loaded 2 times (x 126B)
Class ijJvmDebugger1_1nxz8iacv3bg692g0l3pkvalm$_run_closure1                          : loaded 2 times (x 139B)
Class com.google.common.collect.Sets$1                                                : loaded 2 times (x 139B)
Class org.objectweb.asm.AnnotationVisitor                                             : loaded 2 times (x 78B)
Class org.gradle.api.internal.DefaultClassPathProvider                                : loaded 2 times (x 76B)
Class com.google.common.collect.Sets$2                                                : loaded 2 times (x 139B)
Class [Lorg.gradle.api.internal.ClassPathProvider;                                    : loaded 2 times (x 69B)
Class org.gradle.api.internal.ClassPathProvider                                       : loaded 2 times (x 70B)
Class com.google.common.collect.Sets$3                                                : loaded 2 times (x 139B)
Class com.google.common.cache.LocalCache$LocalLoadingCache                            : loaded 2 times (x 134B)
Class org.gradle.internal.service.UnknownServiceException                             : loaded 2 times (x 83B)
Class com.google.common.collect.Sets$4                                                : loaded 2 times (x 139B)
Class org.objectweb.asm.ModuleVisitor                                                 : loaded 2 times (x 81B)
Class com.google.common.cache.LocalCache$Strength$1                                   : loaded 2 times (x 81B)
Class com.google.common.util.concurrent.SettableFuture                                : loaded 2 times (x 114B)
Class com.google.common.cache.LocalCache$Strength$2                                   : loaded 2 times (x 81B)
Class com.google.common.cache.LocalCache$Strength$3                                   : loaded 2 times (x 81B)
Class com.google.common.collect.MapDifference                                         : loaded 2 times (x 70B)
Class org.objectweb.asm.FieldWriter                                                   : loaded 2 times (x 78B)
Class com.google.common.cache.CacheBuilder$NullListener                               : loaded 2 times (x 82B)
Class org.gradle.internal.classpath.TransformedClassPath                              : loaded 2 times (x 96B)
Class org.gradle.internal.classloader.InstrumentingClassLoader                        : loaded 2 times (x 70B)
Class com.google.common.collect.ImmutableRangeSet$AsSet                               : loaded 2 times (x 300B)
Class com.google.common.cache.CacheLoader$FunctionToCacheLoader                       : loaded 2 times (x 75B)
Class com.google.common.collect.Iterators$ArrayItr                                    : loaded 2 times (x 97B)
Class com.google.common.collect.ImmutableCollection$Builder                           : loaded 2 times (x 76B)
Class com.google.common.base.Joiner                                                   : loaded 2 times (x 79B)
Class com.google.common.base.MoreObjects                                              : loaded 2 times (x 71B)
Class com.google.common.collect.Platform                                              : loaded 2 times (x 71B)
Class [Lorg.objectweb.asm.Type;                                                       : loaded 2 times (x 69B)
Class com.google.common.collect.UnmodifiableIterator                                  : loaded 2 times (x 80B)
Class org.gradle.internal.service.ServiceLocator                                      : loaded 2 times (x 70B)
Class com.google.common.base.Ascii                                                    : loaded 2 times (x 71B)
Class com.google.common.collect.SingletonImmutableBiMap                               : loaded 2 times (x 143B)
Class com.google.common.cache.LocalCache$1                                            : loaded 2 times (x 89B)
Class com.google.common.collect.Iterators$SingletonIterator                           : loaded 2 times (x 81B)
Class com.google.common.collect.AbstractMapEntry                                      : loaded 2 times (x 81B)
Class com.google.common.collect.ImmutableList$Builder                                 : loaded 2 times (x 77B)
Class com.google.common.collect.AbstractMultimap                                      : loaded 2 times (x 123B)
Class com.google.common.cache.LocalCache$2                                            : loaded 2 times (x 142B)
Class com.google.common.collect.ImmutableRangeSet$1                                   : loaded 2 times (x 210B)
Class com.google.common.collect.RegularImmutableAsList                                : loaded 2 times (x 217B)
Class com.google.common.collect.Range                                                 : loaded 2 times (x 87B)
Class com.google.common.util.concurrent.AbstractFuture$Trusted                        : loaded 2 times (x 70B)
Class com.google.common.collect.Iterators                                             : loaded 2 times (x 71B)
Class com.google.common.collect.Lists$StringAsImmutableList                           : loaded 2 times (x 207B)
Class com.google.common.util.concurrent.UncheckedExecutionException                   : loaded 2 times (x 82B)
Class org.gradle.kotlin.dsl.VersionCatalogAccessorsKt                                 : loaded 2 times (x 71B)
Class org.objectweb.asm.ClassWriter                                                   : loaded 2 times (x 106B)
Class com.google.common.base.CharMatcher$And                                          : loaded 2 times (x 112B)
Class com.google.common.cache.CacheLoader$UnsupportedLoadingOperationException        : loaded 2 times (x 82B)
Class org.gradle.internal.classloader.ClasspathUtil$1                                 : loaded 2 times (x 76B)
Class org.objectweb.asm.FieldVisitor                                                  : loaded 2 times (x 77B)
Class com.google.common.collect.IndexedImmutableSet                                   : loaded 2 times (x 152B)
Class com.google.common.collect.BiMap                                                 : loaded 2 times (x 70B)
Class com.google.common.collect.ImmutableMap$1                                        : loaded 2 times (x 81B)
Class org.gradle.api.internal.classpath.DefaultModuleRegistry$DefaultModule           : loaded 2 times (x 86B)
Class com.google.common.primitives.Ints                                               : loaded 2 times (x 71B)
Class com.google.common.collect.AbstractIterator                                      : loaded 2 times (x 82B)
Class ijKotlinCoroutineJvmDebugInit1_84wf0hjeca84oepavwu4apobm$_run_closure1          : loaded 2 times (x 139B)
Class com.google.common.collect.ObjectArrays                                          : loaded 2 times (x 71B)
Class com.google.common.collect.Multiset                                              : loaded 2 times (x 70B)
Class com.google.common.collect.ArrayListMultimapGwtSerializationDependencies         : loaded 2 times (x 172B)
Class com.google.common.collect.AbstractIndexedListIterator                           : loaded 2 times (x 96B)
Class com.google.common.math.MathPreconditions                                        : loaded 2 times (x 71B)
Class com.google.common.collect.ImmutableMapEntrySet                                  : loaded 2 times (x 152B)
Class org.gradle.api.internal.classpath.Module                                        : loaded 2 times (x 70B)
Class com.google.common.cache.Weigher                                                 : loaded 2 times (x 70B)
Class org.gradle.api.internal.classpath.UnknownModuleException                        : loaded 2 times (x 82B)
Class com.google.common.base.Stopwatch                                                : loaded 2 times (x 72B)
Class com.google.common.cache.LocalCache$Strength                                     : loaded 2 times (x 81B)
Class com.google.common.cache.Cache                                                   : loaded 2 times (x 70B)
Class com.google.common.util.concurrent.AbstractFuture$Cancellation                   : loaded 2 times (x 72B)
Class com.google.common.collect.ImmutableMap$Builder                                  : loaded 2 times (x 82B)
Class com.google.common.cache.RemovalListener                                         : loaded 2 times (x 70B)
Class org.gradle.api.internal.DefaultClassPathRegistry                                : loaded 2 times (x 76B)
Class com.google.common.primitives.IntsMethodsForWeb                                  : loaded 2 times (x 71B)
Class com.google.common.collect.Multimap                                              : loaded 2 times (x 70B)
Class org.gradle.api.internal.ClassPathRegistry                                       : loaded 2 times (x 70B)
Class org.gradle.internal.classpath.DefaultClassPath$ImmutableUniqueList              : loaded 2 times (x 199B)
Class com.google.common.cache.CacheBuilder                                            : loaded 2 times (x 72B)
Class com.google.common.collect.SingletonImmutableList                                : loaded 2 times (x 207B)
Class Settings_gradle$1                                                               : loaded 2 times (x 74B)
Class org.gradle.internal.classpath.ClassPath                                         : loaded 2 times (x 70B)
Class com.google.common.collect.ImmutableList$ReverseImmutableList                    : loaded 2 times (x 209B)
Class ijKotlinCoroutineJvmDebugInit1_84wf0hjeca84oepavwu4apobm$_run_closure1$_closure2: loaded 2 times (x 139B)
Class org.objectweb.asm.SymbolTable$Entry                                             : loaded 2 times (x 74B)
Class org.objectweb.asm.Edge                                                          : loaded 2 times (x 72B)
Class com.google.common.base.Suppliers$SupplierOfInstance                             : loaded 2 times (x 79B)
Class com.google.common.collect.Iterators$1                                           : loaded 2 times (x 81B)
Class com.google.common.cache.LocalCache$ComputingValueReference                      : loaded 2 times (x 96B)
Class com.google.common.collect.SingletonImmutableSet                                 : loaded 2 times (x 146B)
Class com.google.common.collect.ImmutableMap$IteratorBasedImmutableMap                : loaded 2 times (x 126B)
Class com.google.common.cache.LocalCache$Segment                                      : loaded 2 times (x 154B)
Class com.google.common.collect.SortedIterable                                        : loaded 2 times (x 70B)
Class com.google.common.collect.AbstractListMultimap                                  : loaded 2 times (x 172B)
Class [Lorg.objectweb.asm.SymbolTable$Entry;                                          : loaded 2 times (x 69B)
Class com.google.common.cache.CacheLoader                                             : loaded 2 times (x 74B)
Class com.google.common.collect.Iterators$4                                           : loaded 2 times (x 82B)
Class com.google.common.collect.ImmutableBiMap                                        : loaded 2 times (x 143B)
Class org.gradle.api.internal.classpath.ModuleRegistry                                : loaded 2 times (x 70B)
Class org.gradle.internal.installation.GradleInstallation$1                           : loaded 2 times (x 75B)
Class com.google.common.util.concurrent.internal.InternalFutureFailureAccess          : loaded 2 times (x 72B)
Class com.google.common.collect.Iterators$5                                           : loaded 2 times (x 82B)
Class com.google.common.collect.ImmutableSet$JdkBackedSetBuilderImpl                  : loaded 2 times (x 76B)
Class com.google.common.base.CharMatcher$ForPredicate                                 : loaded 2 times (x 112B)
Class com.google.common.cache.LocalCache$LocalManualCache$1                           : loaded 2 times (x 75B)
Class com.google.common.base.CharMatcher$AnyOf                                        : loaded 2 times (x 112B)
Class com.google.common.collect.ImmutableCollection                                   : loaded 2 times (x 125B)
Class org.gradle.api.internal.classpath.DefaultModuleRegistry                         : loaded 2 times (x 86B)
Class com.google.common.collect.Lists                                                 : loaded 2 times (x 71B)
Class com.google.common.util.concurrent.ListenableFuture                              : loaded 2 times (x 70B)
Class com.google.common.cache.ReferenceEntry                                          : loaded 2 times (x 70B)
Class com.google.common.base.Converter                                                : loaded 2 times (x 90B)
Class com.google.common.collect.ImmutableSet$CachingAsList                            : loaded 2 times (x 148B)
Class com.google.common.collect.AbstractMapBasedMultimap                              : loaded 2 times (x 139B)
Class com.google.common.util.concurrent.AbstractFuture                                : loaded 2 times (x 106B)
Class com.google.common.base.FunctionalEquivalence                                    : loaded 2 times (x 83B)
Class com.google.common.collect.Iterators$9                                           : loaded 2 times (x 81B)
Class com.google.common.collect.ImmutableAsList                                       : loaded 2 times (x 209B)
Class org.objectweb.asm.RecordComponentVisitor                                        : loaded 2 times (x 77B)
Class com.google.common.cache.CacheLoader$SupplierToCacheLoader                       : loaded 2 times (x 75B)
Class org.gradle.internal.service.ServiceLookupException                              : loaded 2 times (x 82B)
Class com.google.common.collect.ImmutableSortedSet                                    : loaded 2 times (x 300B)
Class [Lcom.google.common.cache.LocalCache$EntryFactory;                              : loaded 2 times (x 69B)
Class ijJvmDebugger1_1nxz8iacv3bg692g0l3pkvalm$_run_closure1$_closure2                : loaded 2 times (x 140B)
Class org.gradle.internal.classloader.ClassLoaderFactory                              : loaded 2 times (x 70B)
Class com.google.common.base.CharMatcher$IsNot                                        : loaded 2 times (x 111B)
Class com.google.common.cache.LocalCache$LocalManualCache                             : loaded 2 times (x 99B)
Class org.gradle.internal.service.CachingServiceLocator                               : loaded 2 times (x 82B)
Class com.google.common.collect.RegularImmutableSortedSet                             : loaded 2 times (x 300B)
Class com.google.common.math.IntMath                                                  : loaded 2 times (x 71B)
Class com.google.common.collect.ImmutableMapEntry                                     : loaded 2 times (x 85B)
Class com.google.common.base.Equivalence                                              : loaded 2 times (x 82B)
Class com.google.common.base.Function                                                 : loaded 2 times (x 70B)
Class com.google.common.collect.ImmutableMapEntry$NonTerminalImmutableMapEntry        : loaded 2 times (x 85B)
Class com.google.common.collect.IndexedImmutableSet$1                                 : loaded 2 times (x 213B)
Class com.google.common.cache.CacheBuilder$OneWeigher                                 : loaded 2 times (x 82B)
Class com.google.common.collect.RegularImmutableList                                  : loaded 2 times (x 213B)
Class org.gradle.internal.classloader.ClasspathUtil                                   : loaded 2 times (x 71B)
Class com.google.common.util.concurrent.Uninterruptibles                              : loaded 2 times (x 71B)
Class com.google.common.util.concurrent.LazyLogger                                    : loaded 2 times (x 72B)
Class com.google.common.collect.Maps                                                  : loaded 2 times (x 71B)
Class org.gradle.api.specs.Spec                                                       : loaded 2 times (x 70B)
Class [Lcom.google.common.collect.ImmutableEntry;                                     : loaded 2 times (x 69B)
Class com.google.common.cache.LocalCache$LoadingValueReference                        : loaded 2 times (x 96B)
Class com.google.common.collect.Maps$8                                                : loaded 2 times (x 82B)
Class ijKotlinCoroutineJvmDebugInit1_84wf0hjeca84oepavwu4apobm                        : loaded 2 times (x 171B)
Class com.google.common.collect.ImmutableRangeSet$Builder                             : loaded 2 times (x 77B)
Class com.google.common.collect.Sets$SetView                                          : loaded 2 times (x 138B)
Class com.google.common.cache.LocalCache$StrongValueReference                         : loaded 2 times (x 90B)
Class org.objectweb.asm.Type                                                          : loaded 2 times (x 72B)
Class org.gradle.internal.classloader.VisitableURLClassLoader$InstrumentingVisitableURLClassLoader: loaded 2 times (x 123B)
Class org.objectweb.asm.ByteVector                                                    : loaded 2 times (x 79B)
Class [Lcom.google.common.cache.CacheBuilder$NullListener;                            : loaded 2 times (x 69B)
Class com.google.common.math.IntMath$1                                                : loaded 2 times (x 71B)
Class org.gradle.internal.classloader.VisitableURLClassLoader$Spec                    : loaded 2 times (x 74B)
Class org.gradle.internal.classpath.DefaultClassPath                                  : loaded 2 times (x 90B)
Class org.objectweb.asm.Symbol                                                        : loaded 2 times (x 73B)
Class com.google.common.base.CharMatcher$BitSetMatcher                                : loaded 2 times (x 112B)
Class com.google.common.collect.RegularImmutableMap$Values                            : loaded 2 times (x 207B)
Class com.google.common.collect.ImmutableSet                                          : loaded 2 times (x 145B)
Class org.gradle.internal.classloader.ClassLoaderSpec                                 : loaded 2 times (x 71B)
Class org.objectweb.asm.AnnotationWriter                                              : loaded 2 times (x 79B)
Class com.google.common.cache.CacheStats                                              : loaded 2 times (x 71B)
Class org.objectweb.asm.RecordComponentWriter                                         : loaded 2 times (x 78B)
Class com.google.common.util.concurrent.AbstractFuture$Listener                       : loaded 2 times (x 72B)
Class com.google.common.base.CharMatcher$Or                                           : loaded 2 times (x 112B)
Class Settings_gradle$1$1                                                             : loaded 2 times (x 74B)
Class org.objectweb.asm.Attribute                                                     : loaded 2 times (x 77B)
Class com.google.common.base.Supplier                                                 : loaded 2 times (x 70B)
Class org.gradle.internal.classloader.VisitableURLClassLoader                         : loaded 2 times (x 117B)
Class Settings_gradle                                                                 : loaded 2 times (x 124B)
Class org.gradle.internal.Cast                                                        : loaded 2 times (x 71B)
Class org.gradle.api.Action                                                           : loaded 2 times (x 70B)
Class com.google.common.collect.Sets                                                  : loaded 2 times (x 71B)
Class org.objectweb.asm.Handler                                                       : loaded 2 times (x 72B)
Class com.google.common.base.CharMatcher$FastMatcher                                  : loaded 2 times (x 111B)
Class com.google.common.base.Ticker                                                   : loaded 2 times (x 72B)
Class [Lcom.google.common.cache.LocalCache$Segment;                                   : loaded 2 times (x 69B)
Class com.google.common.base.Predicate                                                : loaded 2 times (x 70B)
Class [Lcom.google.common.cache.LocalCache$Strength;                                  : loaded 2 times (x 69B)
Class com.google.common.cache.CacheBuilder$1                                          : loaded 2 times (x 85B)
Class com.google.common.collect.ImmutableMap                                          : loaded 2 times (x 120B)
Class org.gradle.internal.classpath.DefaultClassPath$ImmutableUniqueList$Builder      : loaded 2 times (x 75B)
Class com.google.common.collect.AbstractRangeSet                                      : loaded 2 times (x 114B)
Class com.google.common.base.CharMatcher$NegatedFastMatcher                           : loaded 2 times (x 113B)
Class com.google.common.cache.LocalCache                                              : loaded 2 times (x 187B)
Class com.google.common.cache.CacheBuilder$2                                          : loaded 2 times (x 79B)
Class com.google.common.collect.ArrayListMultimap                                     : loaded 2 times (x 172B)
Class com.google.common.cache.CacheBuilder$3                                          : loaded 2 times (x 72B)
Class [Lcom.google.common.collect.AbstractMapEntry;                                   : loaded 2 times (x 69B)
Class com.google.common.collect.ImmutableEntry                                        : loaded 2 times (x 82B)
Class org.gradle.api.GradleException                                                  : loaded 2 times (x 82B)
Class com.google.common.collect.CollectPreconditions                                  : loaded 2 times (x 71B)
Class com.google.common.collect.SortedMapDifference                                   : loaded 2 times (x 70B)
Class com.google.common.cache.LocalCache$EntryFactory                                 : loaded 2 times (x 83B)
Class com.google.common.cache.LocalCache$AbstractReferenceEntry                       : loaded 2 times (x 107B)
Class org.gradle.internal.IoActions                                                   : loaded 2 times (x 71B)
Class com.google.common.collect.ImmutableRangeSet$ComplementRanges                    : loaded 2 times (x 207B)
Class org.objectweb.asm.SymbolTable                                                   : loaded 2 times (x 72B)
Class com.google.common.cache.CacheLoader$InvalidCacheLoadException                   : loaded 2 times (x 82B)
Class com.google.common.collect.ImmutableSet$RegularSetBuilderImpl                    : loaded 2 times (x 77B)
Class org.gradle.internal.classloader.SystemClassLoaderSpec                           : loaded 2 times (x 71B)
Class com.google.common.cache.LocalCache$StrongEntry                                  : loaded 2 times (x 108B)
Class com.google.common.util.concurrent.AbstractFuture$TrustedFuture                  : loaded 2 times (x 114B)
Class com.google.common.cache.LoadingCache                                            : loaded 2 times (x 70B)
Class org.objectweb.asm.MethodWriter                                                  : loaded 2 times (x 106B)
Class [Lcom.google.common.cache.Weigher;                                              : loaded 2 times (x 69B)
Class com.google.common.collect.RegularImmutableMap$BucketOverflowException           : loaded 2 times (x 82B)
Class com.google.common.collect.RegularImmutableBiMap                                 : loaded 2 times (x 149B)
Class com.google.common.base.CharMatcher$Is                                           : loaded 2 times (x 111B)
Class com.google.common.base.CharMatcher$Negated                                      : loaded 2 times (x 113B)
Class com.google.common.cache.LocalCache$ValueReference                               : loaded 2 times (x 70B)
Class com.google.common.util.concurrent.AbstractFuture$Failure                        : loaded 2 times (x 72B)
Class com.google.common.base.Equivalence$Equals                                       : loaded 2 times (x 82B)
Class com.google.common.collect.Hashing                                               : loaded 2 times (x 71B)
Class com.google.common.base.Preconditions                                            : loaded 2 times (x 71B)
Class com.google.common.base.Joiner$1                                                 : loaded 2 times (x 80B)
Class org.objectweb.asm.Label                                                         : loaded 2 times (x 73B)
Class org.objectweb.asm.CurrentFrame                                                  : loaded 2 times (x 73B)
Class org.objectweb.asm.ClassTooLargeException                                        : loaded 2 times (x 83B)
Class com.google.common.base.CharMatcher                                              : loaded 2 times (x 111B)
Class com.google.common.collect.PeekingIterator                                       : loaded 2 times (x 70B)
Class com.google.common.collect.RangeGwtSerializationDependencies                     : loaded 2 times (x 71B)
Class com.google.common.base.Joiner$2                                                 : loaded 2 times (x 79B)
Class org.objectweb.asm.Frame                                                         : loaded 2 times (x 73B)
Class org.objectweb.asm.MethodVisitor                                                 : loaded 2 times (x 105B)
Class com.google.common.base.CharMatcher$1                                            : loaded 2 times (x 113B)
Class com.google.common.base.CharMatcher$NamedFastMatcher                             : loaded 2 times (x 112B)
Class com.google.common.cache.LocalCache$EntryFactory$1                               : loaded 2 times (x 83B)
Class [Lcom.google.common.cache.RemovalListener;                                      : loaded 2 times (x 69B)
Class com.google.common.collect.RangeSet                                              : loaded 2 times (x 70B)
Class com.google.common.cache.LocalCache$EntryFactory$2                               : loaded 2 times (x 83B)
Class org.gradle.api.internal.classpath.GlobalCacheRootsProvider                      : loaded 2 times (x 70B)
Class com.google.common.collect.CollectCollectors                                     : loaded 2 times (x 71B)
Class org.objectweb.asm.ModuleWriter                                                  : loaded 2 times (x 82B)
Class com.google.common.cache.LocalCache$EntryFactory$3                               : loaded 2 times (x 83B)
Class com.google.common.base.Ticker$1                                                 : loaded 2 times (x 72B)
Class com.google.common.collect.Maps$BiMapConverter                                   : loaded 2 times (x 90B)
Class com.google.common.collect.ImmutableMapEntrySet$RegularEntrySet                  : loaded 2 times (x 152B)
Class com.google.common.base.CharMatcher$InRange                                      : loaded 2 times (x 111B)
Class com.google.common.cache.LocalCache$EntryFactory$4                               : loaded 2 times (x 83B)
Class com.google.common.collect.ImmutableSet$Builder                                  : loaded 2 times (x 85B)
Class com.google.common.cache.LocalCache$EntryFactory$5                               : loaded 2 times (x 83B)
Class com.google.common.cache.LocalCache$EntryFactory$6                               : loaded 2 times (x 83B)
Class org.gradle.internal.installation.CurrentGradleInstallationLocator               : loaded 2 times (x 71B)
Class com.google.common.cache.LocalCache$EntryFactory$7                               : loaded 2 times (x 83B)
Class com.google.common.collect.ImmutableSet$EmptySetBuilderImpl                      : loaded 2 times (x 76B)
Class com.google.common.collect.ImmutableList                                         : loaded 2 times (x 206B)
Class org.gradle.internal.service.DefaultServiceLocator                               : loaded 2 times (x 83B)
Class com.google.common.cache.LocalCache$EntryFactory$8                               : loaded 2 times (x 83B)
Class com.google.common.collect.ImmutableSet$SetBuilderImpl                           : loaded 2 times (x 76B)
Class org.gradle.internal.installation.CurrentGradleInstallation                      : loaded 2 times (x 73B)
Class com.google.common.cache.CacheLoader$1                                           : loaded 2 times (x 75B)
Class com.google.common.collect.ImmutableList$SubList                                 : loaded 2 times (x 209B)
Class org.gradle.util.internal.GUtil                                                  : loaded 2 times (x 71B)
Class com.google.common.cache.AbstractCache$StatsCounter                              : loaded 2 times (x 70B)
Class com.google.common.collect.Iterators$MergingIterator                             : loaded 2 times (x 81B)
Class com.google.common.collect.RegularImmutableSet                                   : loaded 2 times (x 149B)
Class org.gradle.internal.installation.GradleInstallation                             : loaded 2 times (x 75B)
Class com.google.common.collect.Iterables                                             : loaded 2 times (x 71B)
Class ijJvmDebugger1_1nxz8iacv3bg692g0l3pkvalm                                        : loaded 2 times (x 171B)

---------------  S Y S T E M  ---------------

OS:
DISTRIB_ID=Ubuntu
DISTRIB_RELEASE=24.04
DISTRIB_CODENAME=noble
DISTRIB_DESCRIPTION="Ubuntu 24.04.4 LTS"
uname: Linux 6.17.0-35-generic #35~24.04.1-Ubuntu SMP PREEMPT_DYNAMIC Tue May 26 19:30:42 UTC 2 x86_64
OS uptime: 0 days 3:32 hours
libc: glibc 2.39 NPTL 2.39 
rlimit (soft/hard): STACK 8192k/infinity , CORE 0k/infinity , NPROC 62944/62944 , NOFILE 1048576/1048576 , AS infinity/infinity , CPU infinity/infinity , DATA infinity/infinity , FSIZE infinity/infinity , MEMLOCK 2035904k/2035904k
load average: 8.82 5.50 3.85

/proc/meminfo:
MemTotal:       16287256 kB
MemFree:          836316 kB
MemAvailable:    4043032 kB
Buffers:          270236 kB
Cached:          4071884 kB
SwapCached:       554132 kB
Active:          8948764 kB
Inactive:        5365684 kB
Active(anon):    7647860 kB
Inactive(anon):  3348916 kB
Active(file):    1300904 kB
Inactive(file):  2016768 kB
Unevictable:      174416 kB
Mlocked:             168 kB
SwapTotal:       4194300 kB
SwapFree:        1407124 kB
Zswap:                 0 kB
Zswapped:              0 kB
Dirty:             29384 kB
Writeback:             0 kB
AnonPages:      10073744 kB
Mapped:          1517988 kB
Shmem:           1024520 kB
KReclaimable:     288244 kB
Slab:             612164 kB
SReclaimable:     288244 kB
SUnreclaim:       323920 kB
KernelStack:       31856 kB
PageTables:       166788 kB
SecPageTables:         0 kB
NFS_Unstable:          0 kB
Bounce:                0 kB
WritebackTmp:          0 kB
CommitLimit:    12337928 kB
Committed_AS:   74452144 kB
VmallocTotal:   34359738367 kB
VmallocUsed:       65556 kB
VmallocChunk:          0 kB
Percpu:             3792 kB
HardwareCorrupted:     0 kB
AnonHugePages:         0 kB
ShmemHugePages:        0 kB
ShmemPmdMapped:        0 kB
FileHugePages:     22528 kB
FilePmdMapped:         0 kB
CmaTotal:              0 kB
CmaFree:               0 kB
Unaccepted:            0 kB
Balloon:               0 kB
HugePages_Total:       0
HugePages_Free:        0
HugePages_Rsvd:        0
HugePages_Surp:        0
Hugepagesize:       2048 kB
Hugetlb:               0 kB
DirectMap4k:      194048 kB
DirectMap2M:     6008832 kB
DirectMap1G:    10485760 kB

/sys/kernel/mm/transparent_hugepage/enabled: always [madvise] never
/sys/kernel/mm/transparent_hugepage/hpage_pmd_size: 2097152
/sys/kernel/mm/transparent_hugepage/defrag (defrag/compaction efforts parameter): always defer defer+madvise [madvise] never

Process Memory:
Virtual Size: 5819160K (peak: 5820288K)
Resident Set Size: 488344K (peak: 488344K) (anon: 457788K, file: 30556K, shmem: 0K)
Swapped out: 0K
C-Heap outstanding allocations: 110720K, retained: 84039K
glibc malloc tunables: (default)

/proc/sys/kernel/threads-max (system-wide limit on the number of threads): 125888
/proc/sys/vm/max_map_count (maximum number of memory map areas a process may have): 1048576
/proc/sys/vm/swappiness (control to define how aggressively the kernel swaps out anonymous memory): 60
/proc/sys/kernel/pid_max (system-wide limit on number of process identifiers): 4194304

container information not found.
Steal ticks since vm start: 0
Steal ticks percentage since vm start:  0.000

CPU: total 4 (initial active 4) (2 cores per cpu, 2 threads per core) family 6 model 60 stepping 3 microcode 0x28, cx8, cmov, fxsr, ht, mmx, sse, sse2, sse3, ssse3, sse4.1, sse4.2, popcnt, lzcnt, tsc, tscinvbit, avx, avx2, aes, erms, clmul, bmi1, bmi2, fma, vzeroupper, clflush, rdtscp, f16c
CPU Model and flags from /proc/cpuinfo:
model name	: Intel(R) Core(TM) i5-4200M CPU @ 2.50GHz
flags		: fpu vme de pse tsc msr pae mce cx8 apic sep mtrr pge mca cmov pat pse36 clflush dts acpi mmx fxsr sse sse2 ss ht tm pbe syscall nx pdpe1gb rdtscp lm constant_tsc arch_perfmon pebs bts rep_good nopl xtopology nonstop_tsc cpuid aperfmperf pni pclmulqdq dtes64 monitor ds_cpl est tm2 ssse3 sdbg fma cx16 xtpr pdcm pcid sse4_1 sse4_2 movbe popcnt tsc_deadline_timer aes xsave avx f16c rdrand lahf_lm abm cpuid_fault epb pti ssbd ibrs ibpb stibp fsgsbase tsc_adjust bmi1 avx2 smep bmi2 erms invpcid xsaveopt dtherm ida arat pln pts md_clear flush_l1d

Online cpus: 0-3
Offline cpus: 
BIOS frequency limitation: <Not Available>
Frequency switch latency (ns): 20000
Available cpu frequencies: <Not Available>
Current governor: schedutil
Core performance/turbo boost: <Not Available>

Memory: 4k page, physical 16287256k(4043032k free), swap 4194300k(1407124k free)
Page Sizes: 4k

vm_info: OpenJDK 64-Bit Server VM (21.0.10+-14961533-b1163.108) for linux-amd64 JRE (21.0.10+-14961533-b1163.108), built on 2026-03-02T19:55:51Z by "builder" with clang Android (14488419, +pgo, +bolt, +lto, +mlgo, based on r584948) Clang 22.0.0 (https://android.googlesource.com/toolchain/llvm-project 2d65e4108033380e6fe8e08b1f1826cd2bfb0c99)

END.
